id;created;updated;area;city;departmentId;subArea;teamAssignId;teamId;empId;reasonId
3874;2019-09-24 20:45:37;2019-09-24 20:45:37;DLF Phase III;Gurgaon;3;Belvedare Park;2;2;\N;\N
3875;2019-09-24 20:45:37;2019-09-24 20:45:37;DLF Phase III;Gurgaon;3;Belvedare Tower;2;2;\N;\N
3876;2019-09-24 20:45:37;2019-09-24 20:45:37;DLF Phase III;Gurgaon;3;Dagar Apartments;2;2;\N;\N
3877;2019-09-24 20:45:37;2019-09-24 20:45:37;DLF Phase III;Gurgaon;3;Garden Estate;2;2;\N;\N
3878;2019-09-24 20:45:37;2019-09-24 20:45:37;DLF Phase III;Gurgaon;3;Moulsari Road;2;2;\N;\N
3879;2019-09-24 20:45:37;2019-09-24 20:45:37;DLF Phase III;Gurgaon;3;Nathupur;2;2;\N;\N
3880;2019-09-24 20:45:37;2019-09-24 20:45:37;DLF Phase III;Gurgaon;3;NMC;2;2;\N;\N
3881;2019-09-24 20:45:37;2019-09-24 20:45:37;DLF Phase III;Gurgaon;3;Pink Town House;2;2;\N;\N
3882;2019-09-24 20:45:37;2019-09-24 20:45:37;DLF Phase III;Gurgaon;3;S Block;2;2;\N;\N
3883;2019-09-24 20:45:37;2019-09-24 20:45:37;DLF Phase III;Gurgaon;3;Siris Road;2;2;\N;\N
3884;2019-09-24 20:45:37;2019-09-24 20:45:37;DLF Phase III;Gurgaon;3;T Block;2;2;\N;\N
3885;2019-09-24 20:45:37;2019-09-24 20:45:37;DLF Phase III;Gurgaon;3;Time Tower;2;2;\N;\N
3886;2019-09-24 20:45:37;2019-09-24 20:45:37;DLF Phase III;Gurgaon;3;U Block;2;2;\N;\N
3887;2019-09-24 20:45:37;2019-09-24 20:45:37;DLF Phase III;Gurgaon;3;Udhyog Vihar;2;2;\N;\N
3888;2019-09-24 20:45:37;2019-09-24 20:45:37;DLF Phase III;Gurgaon;3;V Block;2;2;\N;\N
3889;2019-09-24 20:45:37;2019-09-24 20:45:37;DLF Phase III;Gurgaon;3;W Block;2;2;\N;\N
3890;2019-09-24 20:45:37;2019-09-24 20:45:37;DLF Phase III;Gurgaon;3;X Block;2;2;\N;\N
3891;2019-09-24 20:45:37;2019-09-24 20:45:37;NH8;Gurgaon;3;Ambience;2;2;\N;\N
5271;2019-09-26 19:32:42;2019-09-26 19:32:42;Noida Sector-78;Noida;6;\N;4;8;\N;\N
5272;2019-09-26 19:32:42;2019-09-26 19:32:42;Noida Sector 135;Noida;6;\N;4;8;\N;\N
5273;2019-09-26 19:32:42;2019-09-26 19:32:42;Noida Sector-77;Noida;6;\N;4;8;\N;\N
5274;2019-09-26 19:32:42;2019-09-26 19:32:42;Noida Sector 134;Noida;6;\N;4;8;\N;\N
5275;2019-09-26 19:32:42;2019-09-26 19:32:42;Supertech Oxford;Noida;6;\N;4;8;\N;\N
5276;2019-09-26 19:32:42;2019-09-26 19:32:42;Noida Extension;Noida;6;\N;4;8;\N;\N
5277;2019-09-26 19:32:42;2019-09-26 19:32:42;Noida Sector-108;Noida;6;\N;4;8;\N;\N
5278;2019-09-26 19:32:42;2019-09-26 19:32:42;Bhatta Colony;Noida;6;\N;4;8;\N;\N
5279;2019-09-26 19:32:42;2019-09-26 19:32:42;Noida Sector -78;Noida;6;\N;4;8;\N;\N
5280;2019-09-26 19:32:42;2019-09-26 19:32:42;Noida Sector 130;Noida;6;\N;4;8;\N;\N
5281;2019-09-26 19:32:42;2019-09-26 19:32:42;Stellar Jeevan 1;Noida;6;\N;4;8;\N;\N
5282;2019-09-26 19:32:42;2019-09-26 19:32:42;Sec-128;Noida;6;\N;4;8;\N;\N
5283;2019-09-26 19:32:42;2019-09-26 19:32:42;Unibera;Noida;6;\N;4;8;\N;\N
5284;2019-09-26 19:32:42;2019-09-26 19:32:42;Amarpali;Noida;6;\N;4;8;\N;\N
5285;2019-09-26 19:32:42;2019-09-26 19:32:42;Noida Sector-37;Noida;6;\N;4;8;\N;\N
5286;2019-09-26 19:32:42;2019-09-26 19:32:42;Noida Sector-46;Noida;6;\N;4;8;\N;\N
5287;2019-09-26 19:32:42;2019-09-26 19:32:42;Greater Noida;Noida;6;\N;4;8;\N;\N
5288;2019-09-26 19:32:42;2019-09-26 19:32:42;Noida Sector 100;Noida;6;\N;4;8;\N;\N
5289;2019-09-26 19:32:42;2019-09-26 19:32:42;Noida Sector 143;Noida;6;\N;4;8;\N;\N
5290;2019-09-26 19:32:42;2019-09-26 19:32:42;Cross Road;Noida;6;\N;4;8;\N;\N
5291;2019-09-26 19:32:42;2019-09-26 19:32:42;Noida Sector 29;Noida;6;\N;4;8;\N;\N
5292;2019-09-26 19:32:42;2019-09-26 19:32:42;Logix Zest;Noida;6;\N;4;8;\N;\N
5293;2019-09-26 19:32:42;2019-09-26 19:32:42;Noida Sector 28;Noida;6;\N;4;8;\N;\N
5294;2019-09-26 19:32:42;2019-09-26 19:32:42;Sector 103;Noida;6;\N;4;8;\N;\N
5295;2019-09-26 19:32:42;2019-09-26 19:32:42;Stellar Business Park;Noida;6;\N;4;8;\N;\N
5296;2019-09-26 19:32:42;2019-09-26 19:32:42;Sector 104;Noida;6;\N;4;8;\N;\N
5297;2019-09-26 19:32:42;2019-09-26 19:32:42;Noida Sector 76;Noida;6;\N;4;8;\N;\N
5298;2019-09-26 19:32:42;2019-09-26 19:32:42;Noida Sector 31;Noida;6;\N;4;8;\N;\N
5299;2019-09-26 19:32:42;2019-09-26 19:32:42;Sec-132;Noida;6;\N;4;8;\N;\N
5300;2019-09-26 19:32:42;2019-09-26 19:32:42;Noida-104;Noida;6;\N;4;8;\N;\N
5301;2019-09-26 19:32:42;2019-09-26 19:32:42;Chogan Pur;Noida;6;\N;4;8;\N;\N
5302;2019-09-26 19:32:42;2019-09-26 19:32:42;Tushyana;Noida;6;\N;4;8;\N;\N
5303;2019-09-26 19:32:42;2019-09-26 19:32:42;CBS International;Noida;6;\N;4;8;\N;\N
5304;2019-09-26 19:32:42;2019-09-26 19:32:42;La Residentia;Noida;6;\N;4;8;\N;\N
5305;2019-09-26 19:32:42;2019-09-26 19:32:42;Noida Sector-150;Noida;6;\N;4;8;\N;\N
5306;2019-09-26 19:32:42;2019-09-26 19:32:42;Noida Sector 110;Noida;6;\N;4;8;\N;\N
5307;2019-09-26 19:32:42;2019-09-26 19:32:42;Sec-82;Noida;6;\N;4;8;\N;\N
5308;2019-09-26 19:32:42;2019-09-26 19:32:42;Aspire;Noida;6;\N;4;8;\N;\N
5309;2019-09-26 19:32:42;2019-09-26 19:32:42;Noida Sector 36;Noida;6;\N;4;8;\N;\N
5310;2019-09-26 19:32:42;2019-09-26 19:32:42;Noida Sector 16C ;Noida;6;\N;4;8;\N;\N
5311;2019-09-26 19:32:42;2019-09-26 19:32:42;Noida Sector 44;Noida;6;\N;4;8;\N;\N
5312;2019-09-26 19:32:42;2019-09-26 19:32:42;Noida Sector 41;Noida;6;\N;4;8;\N;\N
5313;2019-09-26 19:32:42;2019-09-26 19:32:42;NRI Residency;Noida;6;\N;4;8;\N;\N
5314;2019-09-26 19:32:42;2019-09-26 19:32:42;Sec-104;Noida;6;\N;4;8;\N;\N
5315;2019-09-26 19:32:42;2019-09-26 19:32:42;Noida Sector 126;Noida;6;\N;4;8;\N;\N
5316;2019-09-26 19:32:42;2019-09-26 19:32:42;Noida Sector-93B;Noida;6;\N;4;8;\N;\N
5317;2019-09-26 19:32:42;2019-09-26 19:32:42;Noida Sector 125;Noida;6;\N;4;8;\N;\N
5318;2019-09-26 19:32:42;2019-09-26 19:32:42;Noida Sector 168;Noida;6;\N;4;8;\N;\N
5319;2019-09-26 19:32:42;2019-09-26 19:32:42;Mangalya;Noida;6;\N;4;8;\N;\N
5320;2019-09-26 19:32:42;2019-09-26 19:32:42;Noida Sector-62;Noida;6;\N;4;8;\N;\N
5321;2019-09-26 19:32:42;2019-09-26 19:32:42;Noida Sector 49;Noida;6;\N;4;8;\N;\N
5322;2019-09-26 19:32:42;2019-09-26 19:32:42;Palm Olympia;Noida;6;\N;4;8;\N;\N
5323;2019-09-26 19:32:42;2019-09-26 19:32:42;Noida Sector 45;Noida;6;\N;4;8;\N;\N
5324;2019-09-26 19:32:42;2019-09-26 19:32:42;Noida Sector 99;Noida;6;\N;4;8;\N;\N
5325;2019-09-26 19:32:42;2019-09-26 19:32:42;Noida Sector-137;Noida;6;\N;4;8;\N;\N
5326;2019-09-26 19:32:42;2019-09-26 19:32:42;Gaur City I;Noida;6;\N;4;8;\N;\N
5457;2019-09-26 19:32:59;2019-09-26 19:32:59;DLF Phase I;Gurgaon;6;\N;7;8;\N;\N
5458;2019-09-26 19:32:59;2019-09-26 19:32:59;Sector 40;Gurgaon;6;\N;7;8;\N;\N
5459;2019-09-26 19:32:59;2019-09-26 19:32:59;Faridabad Road;Gurgaon;6;\N;7;8;\N;\N
5460;2019-09-26 19:32:59;2019-09-26 19:32:59;Sector 41;Gurgaon;6;\N;7;8;\N;\N
5461;2019-09-26 19:32:59;2019-09-26 19:32:59;Sec 104;Gurgaon;6;\N;7;8;\N;\N
5462;2019-09-26 19:32:59;2019-09-26 19:32:59;Sector 44;Gurgaon;6;\N;7;8;\N;\N
5463;2019-09-26 19:32:59;2019-09-26 19:32:59;Parsvnath Exotica;Gurgaon;6;\N;7;8;\N;\N
5464;2019-09-26 19:32:59;2019-09-26 19:32:59;Sector 45;Gurgaon;6;\N;7;8;\N;\N
5465;2019-09-26 19:32:59;2019-09-26 19:32:59;Sector 42;Gurgaon;6;\N;7;8;\N;\N
5466;2019-09-26 19:32:59;2019-09-26 19:32:59;Sector 43;Gurgaon;6;\N;7;8;\N;\N
5467;2019-09-26 19:32:59;2019-09-26 19:32:59;Sector 48;Gurgaon;6;\N;7;8;\N;\N
5468;2019-09-26 19:32:59;2019-09-26 19:32:59;Sector 49;Gurgaon;6;\N;7;8;\N;\N
5469;2019-09-26 19:32:59;2019-09-26 19:32:59;Sector 46;Gurgaon;6;\N;7;8;\N;\N
5470;2019-09-26 19:32:59;2019-09-26 19:32:59;DLF Phase V;Gurgaon;6;\N;7;8;\N;\N
5471;2019-09-26 19:32:59;2019-09-26 19:32:59;Sector 47;Gurgaon;6;\N;7;8;\N;\N
5472;2019-09-26 19:32:59;2019-09-26 19:32:59;Arjun Nagar;Gurgaon;6;\N;7;8;\N;\N
5473;2019-09-26 19:32:59;2019-09-26 19:32:59;Sector 39;Gurgaon;6;\N;7;8;\N;\N
5474;2019-09-26 19:32:59;2019-09-26 19:32:59;Om Nagar;Gurgaon;6;\N;7;8;\N;\N
5475;2019-09-26 19:32:59;2019-09-26 19:32:59;Jacobpura;Gurgaon;6;\N;7;8;\N;\N
5476;2019-09-26 19:32:59;2019-09-26 19:32:59;Vishnu Garden Gurgaon;Gurgaon;6;\N;7;8;\N;\N
5477;2019-09-26 19:32:59;2019-09-26 19:32:59;Rajendra Park;Gurgaon;6;\N;7;8;\N;\N
5478;2019-09-26 19:32:59;2019-09-26 19:32:59;Sec-15;Gurgaon;6;\N;7;8;\N;\N
5479;2019-09-26 19:32:59;2019-09-26 19:32:59;Sector 51;Gurgaon;6;\N;7;8;\N;\N
5480;2019-09-26 19:32:59;2019-09-26 19:32:59;Sector 52;Gurgaon;6;\N;7;8;\N;\N
5481;2019-09-26 19:32:59;2019-09-26 19:32:59;Sector 50;Gurgaon;6;\N;7;8;\N;\N
5482;2019-09-26 19:32:59;2019-09-26 19:32:59;Sector 55;Gurgaon;6;\N;7;8;\N;\N
5483;2019-09-26 19:32:59;2019-09-26 19:32:59;Sector 56;Gurgaon;6;\N;7;8;\N;\N
5484;2019-09-26 19:32:59;2019-09-26 19:32:59;Sector 53;Gurgaon;6;\N;7;8;\N;\N
5485;2019-09-26 19:32:59;2019-09-26 19:32:59;Kadarpur;Gurgaon;6;\N;7;8;\N;\N
5486;2019-09-26 19:32:59;2019-09-26 19:32:59;Sector 54;Gurgaon;6;\N;7;8;\N;\N
5487;2019-09-26 19:32:59;2019-09-26 19:32:59;Old Gurgaon;Gurgaon;6;\N;7;8;\N;\N
5488;2019-09-26 19:32:59;2019-09-26 19:32:59;Sector 59;Gurgaon;6;\N;7;8;\N;\N
5489;2019-09-26 19:32:59;2019-09-26 19:32:59;Sector 57;Gurgaon;6;\N;7;8;\N;\N
5490;2019-09-26 19:32:59;2019-09-26 19:32:59;Sector 37D;Gurgaon;6;\N;7;8;\N;\N
5491;2019-09-26 19:32:59;2019-09-26 19:32:59;Sector 37C;Gurgaon;6;\N;7;8;\N;\N
5492;2019-09-26 19:32:59;2019-09-26 19:32:59;DLF Phase III;Gurgaon;6;\N;7;8;\N;\N
5493;2019-09-26 19:32:59;2019-09-26 19:32:59;SS Plaza;Gurgaon;6;\N;7;8;\N;\N
5494;2019-09-26 19:32:59;2019-09-26 19:32:59;Baldev Nagar;Gurgaon;6;\N;7;8;\N;\N
5495;2019-09-26 19:32:59;2019-09-26 19:32:59;Aggarwal Heights;Gurgaon;6;\N;7;8;\N;\N
5496;2019-09-26 19:32:59;2019-09-26 19:32:59;Casa Bella;Gurgaon;6;\N;7;8;\N;\N
5497;2019-09-26 19:32:59;2019-09-26 19:32:59;Sector-82A;Gurgaon;6;\N;7;8;\N;\N
5498;2019-09-26 19:32:59;2019-09-26 19:32:59;Sector 7;Gurgaon;6;\N;7;8;\N;\N
5499;2019-09-26 19:32:59;2019-09-26 19:32:59;ASF INSIGNIA;Gurgaon;6;\N;7;8;\N;\N
5500;2019-09-26 19:32:59;2019-09-26 19:32:59;Madanpuri;Gurgaon;6;\N;7;8;\N;\N
5501;2019-09-26 19:32:59;2019-09-26 19:32:59;Sector 27;Gurgaon;6;\N;7;8;\N;\N
5502;2019-09-26 19:32:59;2019-09-26 19:32:59;Farooq Nagar;Gurgaon;6;\N;7;8;\N;\N
5503;2019-09-26 19:32:59;2019-09-26 19:32:59;MG Road;Gurgaon;6;\N;7;8;\N;\N
5504;2019-09-26 19:32:59;2019-09-26 19:32:59;Shanti Nagar;Gurgaon;6;\N;7;8;\N;\N
5505;2019-09-26 19:32:59;2019-09-26 19:32:59;Sushant Lok I;Gurgaon;6;\N;7;8;\N;\N
5506;2019-09-26 19:32:59;2019-09-26 19:32:59;Ratan  Vihar;Gurgaon;6;\N;7;8;\N;\N
5507;2019-09-26 19:32:59;2019-09-26 19:32:59;Ulawash;Gurgaon;6;\N;7;8;\N;\N
5508;2019-09-26 19:32:59;2019-09-26 19:32:59;Amit_Yadav_Daruheda;Gurgaon;6;\N;7;8;\N;\N
5509;2019-09-26 19:32:59;2019-09-26 19:32:59;Gawalphari;Gurgaon;6;\N;7;8;\N;\N
5510;2019-09-26 19:32:59;2019-09-26 19:32:59;Sector 31;Gurgaon;6;\N;7;8;\N;\N
5511;2019-09-26 19:32:59;2019-09-26 19:32:59;Jyoti Park;Gurgaon;6;\N;7;8;\N;\N
5512;2019-09-26 19:32:59;2019-09-26 19:32:59;Sector 32;Gurgaon;6;\N;7;8;\N;\N
5513;2019-09-26 19:32:59;2019-09-26 19:32:59;Madawas;Gurgaon;6;\N;7;8;\N;\N
5514;2019-09-26 19:32:59;2019-09-26 19:32:59;Sector 38;Gurgaon;6;\N;7;8;\N;\N
5515;2019-09-26 19:32:59;2019-09-26 19:32:59;Laxman Vihar Gurgaon;Gurgaon;6;\N;7;8;\N;\N
5516;2019-09-26 19:32:59;2019-09-26 19:32:59;Ashok Garden;Gurgaon;6;\N;7;8;\N;\N
5517;2019-09-26 19:32:59;2019-09-26 19:32:59;Sector 28;Gurgaon;6;\N;7;8;\N;\N
5518;2019-09-26 19:32:59;2019-09-26 19:32:59;Sector 29;Gurgaon;6;\N;7;8;\N;\N
5519;2019-09-26 19:32:59;2019-09-26 19:32:59;Mahalaxmi Garden;Gurgaon;6;\N;7;8;\N;\N
5520;2019-09-26 19:32:59;2019-09-26 19:32:59;Sector 110;Gurgaon;6;\N;7;8;\N;\N
5521;2019-09-26 19:32:59;2019-09-26 19:32:59;Shiva Ji Nagar;Gurgaon;6;\N;7;8;\N;\N
5522;2019-09-26 19:32:59;2019-09-26 19:32:59;DLF Phase II;Gurgaon;6;\N;7;8;\N;\N
5523;2019-09-26 19:32:59;2019-09-26 19:32:59;Sector 81;Gurgaon;6;\N;7;8;\N;\N
5524;2019-09-26 19:32:59;2019-09-26 19:32:59;Seven Lamp Sector 82;Gurgaon;6;\N;7;8;\N;\N
5525;2019-09-26 19:32:59;2019-09-26 19:32:59;Sector 84;Gurgaon;6;\N;7;8;\N;\N
5526;2019-09-26 19:32:59;2019-09-26 19:32:59;Sector 85;Gurgaon;6;\N;7;8;\N;\N
5527;2019-09-26 19:32:59;2019-09-26 19:32:59;Sector 82;Gurgaon;6;\N;7;8;\N;\N
5528;2019-09-26 19:32:59;2019-09-26 19:32:59;Subhash Nagar Gurgaon;Gurgaon;6;\N;7;8;\N;\N
5529;2019-09-26 19:32:59;2019-09-26 19:32:59;Sector 83;Gurgaon;6;\N;7;8;\N;\N
5530;2019-09-26 19:32:59;2019-09-26 19:32:59;Sector 89;Gurgaon;6;\N;7;8;\N;\N
5531;2019-09-26 19:32:59;2019-09-26 19:32:59;Sector 86;Gurgaon;6;\N;7;8;\N;\N
5532;2019-09-26 19:32:59;2019-09-26 19:32:59;Bhim Garh Kheri;Gurgaon;6;\N;7;8;\N;\N
5533;2019-09-26 19:32:59;2019-09-26 19:32:59;Jacubpura;Gurgaon;6;\N;7;8;\N;\N
5534;2019-09-26 19:32:59;2019-09-26 19:32:59;Sector 112;Gurgaon;6;\N;7;8;\N;\N
5535;2019-09-26 19:32:59;2019-09-26 19:32:59;Prem Nagar;Gurgaon;6;\N;7;8;\N;\N
5536;2019-09-26 19:32:59;2019-09-26 19:32:59;DLF Phase IV;Gurgaon;6;\N;7;8;\N;\N
5537;2019-09-26 19:32:59;2019-09-26 19:32:59;Sector 109;Gurgaon;6;\N;7;8;\N;\N
5538;2019-09-26 19:32:59;2019-09-26 19:32:59;Pratap Nagar;Gurgaon;6;\N;7;8;\N;\N
5539;2019-09-26 19:32:59;2019-09-26 19:32:59;KEDAR;Gurgaon;6;\N;7;8;\N;\N
5540;2019-09-26 19:32:59;2019-09-26 19:32:59;Sector 91;Gurgaon;6;\N;7;8;\N;\N
5541;2019-09-26 19:32:59;2019-09-26 19:32:59;Sector 92;Gurgaon;6;\N;7;8;\N;\N
5542;2019-09-26 19:32:59;2019-09-26 19:32:59;Sector 90;Gurgaon;6;\N;7;8;\N;\N
5543;2019-09-26 19:32:59;2019-09-26 19:32:59;Sector 95;Gurgaon;6;\N;7;8;\N;\N
5544;2019-09-26 19:32:59;2019-09-26 19:32:59;test;Gurgaon;6;\N;7;8;\N;\N
5545;2019-09-26 19:32:59;2019-09-26 19:32:59;Gurgaon;Gurgaon;6;\N;7;8;\N;\N
5546;2019-09-26 19:32:59;2019-09-26 19:32:59;MG Road Sikanderpur;Gurgaon;6;\N;7;8;\N;\N
5547;2019-09-26 19:32:59;2019-09-26 19:32:59;Sector 93;Gurgaon;6;\N;7;8;\N;\N
5548;2019-09-26 19:32:59;2019-09-26 19:32:59;Sector 107;Gurgaon;6;\N;7;8;\N;\N
5549;2019-09-26 19:32:59;2019-09-26 19:32:59;Sector 108;Gurgaon;6;\N;7;8;\N;\N
5550;2019-09-26 19:32:59;2019-09-26 19:32:59;Sector 12;Gurgaon;6;\N;7;8;\N;\N
5551;2019-09-26 19:32:59;2019-09-26 19:32:59;Sector 14;Gurgaon;6;\N;7;8;\N;\N
5552;2019-09-26 19:32:59;2019-09-26 19:32:59;Sector-114;Gurgaon;6;\N;7;8;\N;\N
5553;2019-09-26 19:32:59;2019-09-26 19:32:59;Badsahpur;Gurgaon;6;\N;7;8;\N;\N
5554;2019-09-26 19:32:59;2019-09-26 19:32:59;Mianwali Colony;Gurgaon;6;\N;7;8;\N;\N
5555;2019-09-26 19:32:59;2019-09-26 19:32:59;Patel Nagar;Gurgaon;6;\N;7;8;\N;\N
5556;2019-09-26 19:32:59;2019-09-26 19:32:59;Ashok Vihar;Gurgaon;6;\N;7;8;\N;\N
5557;2019-09-26 19:32:59;2019-09-26 19:32:59;Exclusive floor;Gurgaon;6;\N;7;8;\N;\N
5558;2019-09-26 19:32:59;2019-09-26 19:32:59;Kapshera;Gurgaon;6;\N;7;8;\N;\N
5559;2019-09-26 19:32:59;2019-09-26 19:32:59;Saraswati Vihars;Gurgaon;6;\N;7;8;\N;\N
5560;2019-09-26 19:32:59;2019-09-26 19:32:59;Dwarka;Gurgaon;6;\N;7;8;\N;\N
5561;2019-09-26 19:32:59;2019-09-26 19:32:59;NH8;Gurgaon;6;\N;7;8;\N;\N
5562;2019-09-26 19:32:59;2019-09-26 19:32:59;SS Group;Gurgaon;6;\N;7;8;\N;\N
5563;2019-09-26 19:32:59;2019-09-26 19:32:59;Sec-21A;Gurgaon;6;\N;7;8;\N;\N
5564;2019-09-26 19:32:59;2019-09-26 19:32:59;Surat Nagar;Gurgaon;6;\N;7;8;\N;\N
5565;2019-09-26 19:32:59;2019-09-26 19:32:59;Delhi;Gurgaon;6;\N;7;8;\N;\N
5566;2019-09-26 19:32:59;2019-09-26 19:32:59;Sector 63;Gurgaon;6;\N;7;8;\N;\N
5567;2019-09-26 19:32:59;2019-09-26 19:32:59;Sector-10A;Gurgaon;6;\N;7;8;\N;\N
5568;2019-09-26 19:32:59;2019-09-26 19:32:59;Sector 66;Gurgaon;6;\N;7;8;\N;\N
5569;2019-09-26 19:32:59;2019-09-26 19:32:59;Sec 29;Gurgaon;6;\N;7;8;\N;\N
5570;2019-09-26 19:32:59;2019-09-26 19:32:59;Sector 69;Gurgaon;6;\N;7;8;\N;\N
5571;2019-09-26 19:32:59;2019-09-26 19:32:59;Sector-103;Gurgaon;6;\N;7;8;\N;\N
5572;2019-09-26 19:32:59;2019-09-26 19:32:59;Udhyog Vihar;Gurgaon;6;\N;7;8;\N;\N
5573;2019-09-26 19:32:59;2019-09-26 19:32:59;Laxmi Garden Gurgaon;Gurgaon;6;\N;7;8;\N;\N
5574;2019-09-26 19:32:59;2019-09-26 19:32:59;Ram Nagar;Gurgaon;6;\N;7;8;\N;\N
5575;2019-09-26 19:32:59;2019-09-26 19:32:59;Noida Sector 143B;Gurgaon;6;\N;7;8;\N;\N
5576;2019-09-26 19:32:59;2019-09-26 19:32:59;Sector 70;Gurgaon;6;\N;7;8;\N;\N
5577;2019-09-26 19:32:59;2019-09-26 19:32:59;Sec-56;Gurgaon;6;\N;7;8;\N;\N
5578;2019-09-26 19:32:59;2019-09-26 19:32:59;Golf Course Road;Gurgaon;6;\N;7;8;\N;\N
5579;2019-09-26 19:32:59;2019-09-26 19:32:59;Sec-51;Gurgaon;6;\N;7;8;\N;\N
5580;2019-09-26 19:32:59;2019-09-26 19:32:59;Sector 78;Gurgaon;6;\N;7;8;\N;\N
5581;2019-09-26 19:32:59;2019-09-26 19:32:59;Sector 76;Gurgaon;6;\N;7;8;\N;\N
5582;2019-09-26 19:32:59;2019-09-26 19:32:59;Sector-30 Gurgaon;Gurgaon;6;\N;7;8;\N;\N
5583;2019-09-26 19:32:59;2019-09-26 19:32:59;Kheri;Gurgaon;6;\N;7;8;\N;\N
5584;2019-09-26 19:32:59;2019-09-26 19:32:59;Sohna Road;Gurgaon;6;\N;7;8;\N;\N
5585;2019-09-26 19:32:59;2019-09-26 19:32:59;Sector-88;Gurgaon;6;\N;7;8;\N;\N
5586;2019-09-26 19:32:59;2019-09-26 19:32:59;Wembley;Gurgaon;6;\N;7;8;\N;\N
5587;2019-09-26 19:33:05;2019-09-26 19:33:05;Raj Nagar Extension;Ghaziabad;6;\N;8;8;\N;\N
5588;2019-09-26 19:33:05;2019-09-26 19:33:05;Loni Road;Ghaziabad;6;\N;8;8;\N;\N
5589;2019-09-26 19:33:05;2019-09-26 19:33:05;KW Srishti;Ghaziabad;6;\N;8;8;\N;\N
5590;2019-09-26 19:33:05;2019-09-26 19:33:05;Indrapuram;Ghaziabad;6;\N;8;8;\N;\N
5591;2019-09-26 19:33:18;2019-09-26 19:33:18;Anand Parbat;Delhi;6;\N;9;8;\N;\N
5592;2019-09-26 19:33:18;2019-09-26 19:33:18;Sanwal Nagar;Delhi;6;\N;9;8;\N;\N
5593;2019-09-26 19:33:18;2019-09-26 19:33:18;Govindpuri;Delhi;6;\N;9;8;\N;\N
5594;2019-09-26 19:33:18;2019-09-26 19:33:18;Sadiq nagar;Delhi;6;\N;9;8;\N;\N
5595;2019-09-26 19:33:18;2019-09-26 19:33:18;Humayupur;Delhi;6;\N;9;8;\N;\N
5596;2019-09-26 19:33:18;2019-09-26 19:33:18;Mayur Vihar;Delhi;6;\N;9;8;\N;\N
5597;2019-09-26 19:33:18;2019-09-26 19:33:18;Ranjeet Vihar;Delhi;6;\N;9;8;\N;\N
5598;2019-09-26 19:33:18;2019-09-26 19:33:18;Laxmi Nagar;Delhi;6;\N;9;8;\N;\N
5599;2019-09-26 19:33:18;2019-09-26 19:33:18;Sadar Bazar;Delhi;6;\N;9;8;\N;\N
5600;2019-09-26 19:33:18;2019-09-26 19:33:18;Badarpur;Delhi;6;\N;9;8;\N;\N
5601;2019-09-26 19:33:18;2019-09-26 19:33:18;Madinpur;Delhi;6;\N;9;8;\N;\N
5602;2019-09-26 19:33:18;2019-09-26 19:33:18;Mehrauli;Delhi;6;\N;9;8;\N;\N
5603;2019-09-26 19:33:18;2019-09-26 19:33:18;Tilak Nagar;Delhi;6;\N;9;8;\N;\N
5604;2019-09-26 19:33:18;2019-09-26 19:33:18;Pitampura;Delhi;6;\N;9;8;\N;\N
5605;2019-09-26 19:33:18;2019-09-26 19:33:18;KAPASHERA;Delhi;6;\N;9;8;\N;\N
5606;2019-09-26 19:33:18;2019-09-26 19:33:18;Shahpur Jat;Delhi;6;\N;9;8;\N;\N
5607;2019-09-26 19:33:18;2019-09-26 19:33:18;Khanpur;Delhi;6;\N;9;8;\N;\N
5608;2019-09-26 19:33:18;2019-09-26 19:33:18;New Rotak Road;Delhi;6;\N;9;8;\N;\N
5609;2019-09-26 19:33:18;2019-09-26 19:33:18;Mohan Garden;Delhi;6;\N;9;8;\N;\N
5610;2019-09-26 19:33:18;2019-09-26 19:33:18;Karol Bagh;Delhi;6;\N;9;8;\N;\N
5611;2019-09-26 19:33:18;2019-09-26 19:33:18;Shadipur;Delhi;6;\N;9;8;\N;\N
5612;2019-09-26 19:33:18;2019-09-26 19:33:18;Aaya Nagar;Delhi;6;\N;9;8;\N;\N
5613;2019-09-26 19:33:18;2019-09-26 19:33:18;Raghubir Nagar;Delhi;6;\N;9;8;\N;\N
5614;2019-09-26 19:33:18;2019-09-26 19:33:18;Sangam Vihar;Delhi;6;\N;9;8;\N;\N
5615;2019-09-26 19:33:18;2019-09-26 19:33:18;Madangiri ;Delhi;6;\N;9;8;\N;\N
5616;2019-09-26 19:33:18;2019-09-26 19:33:18;Subhas Nagar;Delhi;6;\N;9;8;\N;\N
5617;2019-09-26 19:33:18;2019-09-26 19:33:18;Gautam Nagar;Delhi;6;\N;9;8;\N;\N
5618;2019-09-26 19:33:18;2019-09-26 19:33:18;Vishnu Garden;Delhi;6;\N;9;8;\N;\N
5619;2019-09-26 19:33:18;2019-09-26 19:33:18;Ber Sarai;Delhi;6;\N;9;8;\N;\N
5620;2019-09-26 19:33:18;2019-09-26 19:33:18;Krishna Nagar;Delhi;6;\N;9;8;\N;\N
5621;2019-09-26 19:33:18;2019-09-26 19:33:18;West Patel Nagar;Delhi;6;\N;9;8;\N;\N
5622;2019-09-26 19:33:18;2019-09-26 19:33:18;Jamia Nagar;Delhi;6;\N;9;8;\N;\N
5623;2019-09-26 19:33:18;2019-09-26 19:33:18;Sagarpur;Delhi;6;\N;9;8;\N;\N
5624;2019-09-26 19:33:18;2019-09-26 19:33:18;Moti Nagar;Delhi;6;\N;9;8;\N;\N
5625;2019-09-26 19:33:18;2019-09-26 19:33:18;Kakrola;Delhi;6;\N;9;8;\N;\N
5626;2019-09-26 19:33:18;2019-09-26 19:33:18;Maidan Garhi;Delhi;6;\N;9;8;\N;\N
5627;2019-09-26 19:33:18;2019-09-26 19:33:18;Najafgarh;Delhi;6;\N;9;8;\N;\N
5628;2019-09-26 19:33:18;2019-09-26 19:33:18;Malviya nagar;Delhi;6;\N;9;8;\N;\N
5629;2019-09-26 19:33:18;2019-09-26 19:33:18;MMSTAR;Delhi;6;\N;9;8;\N;\N
5630;2019-09-26 19:33:18;2019-09-26 19:33:18;Dwarka;Delhi;6;\N;9;8;\N;\N
5631;2019-09-26 19:33:18;2019-09-26 19:33:18;Katwariya Sarai ;Delhi;6;\N;9;8;\N;\N
5632;2019-09-26 19:33:18;2019-09-26 19:33:18;Sultanpur;Delhi;6;\N;9;8;\N;\N
5633;2019-09-26 19:33:18;2019-09-26 19:33:18;Munirka;Delhi;6;\N;9;8;\N;\N
5634;2019-09-26 19:33:18;2019-09-26 19:33:18;Batla House;Delhi;6;\N;9;8;\N;\N
5635;2019-09-26 19:33:18;2019-09-26 19:33:18;Deoli village;Delhi;6;\N;9;8;\N;\N
5636;2019-09-26 19:33:18;2019-09-26 19:33:18;Godrej;Delhi;6;\N;9;8;\N;\N
5637;2019-09-26 19:33:18;2019-09-26 19:33:18;Hari Nagar;Delhi;6;\N;9;8;\N;\N
5638;2019-09-26 19:33:18;2019-09-26 19:33:18;Munrika;Delhi;6;\N;9;8;\N;\N
5639;2019-09-26 19:33:18;2019-09-26 19:33:18;Seelampur;Delhi;6;\N;9;8;\N;\N
5640;2019-09-26 19:33:18;2019-09-26 19:33:18;Begumpur;Delhi;6;\N;9;8;\N;\N
5641;2019-09-26 19:33:18;2019-09-26 19:33:18;Rama Krishna Puram;Delhi;6;\N;9;8;\N;\N
5642;2019-09-26 19:33:18;2019-09-26 19:33:18;Uttam Nagar;Delhi;6;\N;9;8;\N;\N
5643;2019-09-26 19:33:18;2019-09-26 19:33:18;Rohini;Delhi;6;\N;9;8;\N;\N
5644;2019-09-26 19:33:18;2019-09-26 19:33:18;Baljeet Nagar;Delhi;6;\N;9;8;\N;\N
5645;2019-09-26 19:33:18;2019-09-26 19:33:18;Lajpat Nagar;Delhi;6;\N;9;8;\N;\N
5646;2019-09-26 19:33:18;2019-09-26 19:33:18; Jia Sarai;Delhi;6;\N;9;8;\N;\N
5647;2019-09-26 19:33:18;2019-09-26 19:33:18;Gol Dak Khana;Delhi;6;\N;9;8;\N;\N
5648;2019-09-26 19:33:18;2019-09-26 19:33:18;M2K;Delhi;6;\N;9;8;\N;\N
5649;2019-09-26 19:33:18;2019-09-26 19:33:18;Dakshinpuri;Delhi;6;\N;9;8;\N;\N
5650;2019-09-26 19:33:18;2019-09-26 19:33:18;NARAINA;Delhi;6;\N;9;8;\N;\N
5651;2019-09-26 19:33:18;2019-09-26 19:33:18;Okhla;Delhi;6;\N;9;8;\N;\N
5652;2019-09-26 19:33:18;2019-09-26 19:33:18;Tugalkabad;Delhi;6;\N;9;8;\N;\N
5653;2019-09-26 19:33:18;2019-09-26 19:33:18;Savitri Nagar;Delhi;6;\N;9;8;\N;\N
5654;2019-09-26 19:33:18;2019-09-26 19:33:18;Nehru Nagar;Delhi;6;\N;9;8;\N;\N
5655;2019-09-26 19:33:18;2019-09-26 19:33:18;Palam;Delhi;6;\N;9;8;\N;\N
5656;2019-09-26 19:33:18;2019-09-26 19:33:18;Lado Sarai;Delhi;6;\N;9;8;\N;\N
5657;2019-09-26 19:33:18;2019-09-26 19:33:18;Patparganj;Delhi;6;\N;9;8;\N;\N
5658;2019-09-26 19:33:18;2019-09-26 19:33:18;Ghitorni;Delhi;6;\N;9;8;\N;\N
5659;2019-09-26 19:33:18;2019-09-26 19:33:18;Dakshin Puri Extension;Delhi;6;\N;9;8;\N;\N
5660;2019-09-26 19:33:18;2019-09-26 19:33:18;Mandawali;Delhi;6;\N;9;8;\N;\N
5661;2019-09-26 19:33:18;2019-09-26 19:33:18;Janakpuri;Delhi;6;\N;9;8;\N;\N
5662;2019-09-26 19:33:18;2019-09-26 19:33:18;Jasola;Delhi;6;\N;9;8;\N;\N
5663;2019-09-26 19:33:18;2019-09-26 19:33:18;Pandav Nagar;Delhi;6;\N;9;8;\N;\N
5794;2019-09-26 19:34:25;2019-09-26 19:34:25;Indrapuram;Ghaziabad;1;\N;11;6;\N;\N
5795;2019-09-26 19:34:25;2019-09-26 19:34:25;KW Srishti;Ghaziabad;1;\N;11;6;\N;\N
5796;2019-09-26 19:34:25;2019-09-26 19:34:25;Loni Road;Ghaziabad;1;\N;11;6;\N;\N
5797;2019-09-26 19:34:25;2019-09-26 19:34:25;Raj Nagar Extension;Ghaziabad;1;\N;11;6;\N;\N
5798;2019-09-26 19:34:38;2019-09-26 19:34:38; Jia Sarai;Delhi;1;\N;12;6;\N;\N
5799;2019-09-26 19:34:38;2019-09-26 19:34:38;Aaya Nagar;Delhi;1;\N;12;6;\N;\N
5800;2019-09-26 19:34:38;2019-09-26 19:34:38;Anand Parbat;Delhi;1;\N;12;6;\N;\N
5801;2019-09-26 19:34:38;2019-09-26 19:34:38;Badarpur;Delhi;1;\N;12;6;\N;\N
5802;2019-09-26 19:34:38;2019-09-26 19:34:38;Baljeet Nagar;Delhi;1;\N;12;6;\N;\N
5803;2019-09-26 19:34:38;2019-09-26 19:34:38;Batla House;Delhi;1;\N;12;6;\N;\N
5804;2019-09-26 19:34:38;2019-09-26 19:34:38;Begumpur;Delhi;1;\N;12;6;\N;\N
5805;2019-09-26 19:34:38;2019-09-26 19:34:38;Ber Sarai;Delhi;1;\N;12;6;\N;\N
5806;2019-09-26 19:34:38;2019-09-26 19:34:38;Dakshin Puri Extension;Delhi;1;\N;12;6;\N;\N
5807;2019-09-26 19:34:38;2019-09-26 19:34:38;Dakshinpuri;Delhi;1;\N;12;6;\N;\N
5808;2019-09-26 19:34:38;2019-09-26 19:34:38;Deoli village;Delhi;1;\N;12;6;\N;\N
5809;2019-09-26 19:34:38;2019-09-26 19:34:38;Dwarka;Delhi;1;\N;12;6;\N;\N
5810;2019-09-26 19:34:38;2019-09-26 19:34:38;Gautam Nagar;Delhi;1;\N;12;6;\N;\N
5811;2019-09-26 19:34:38;2019-09-26 19:34:38;Ghitorni;Delhi;1;\N;12;6;\N;\N
5812;2019-09-26 19:34:38;2019-09-26 19:34:38;Godrej;Delhi;1;\N;12;6;\N;\N
5813;2019-09-26 19:34:38;2019-09-26 19:34:38;Gol Dak Khana;Delhi;1;\N;12;6;\N;\N
5814;2019-09-26 19:34:38;2019-09-26 19:34:38;Govindpuri;Delhi;1;\N;12;6;\N;\N
5815;2019-09-26 19:34:38;2019-09-26 19:34:38;Hari Nagar;Delhi;1;\N;12;6;\N;\N
5816;2019-09-26 19:34:38;2019-09-26 19:34:38;Humayupur;Delhi;1;\N;12;6;\N;\N
5817;2019-09-26 19:34:38;2019-09-26 19:34:38;Jamia Nagar;Delhi;1;\N;12;6;\N;\N
5818;2019-09-26 19:34:38;2019-09-26 19:34:38;Janakpuri;Delhi;1;\N;12;6;\N;\N
5819;2019-09-26 19:34:38;2019-09-26 19:34:38;Jasola;Delhi;1;\N;12;6;\N;\N
5820;2019-09-26 19:34:38;2019-09-26 19:34:38;KAPASHERA;Delhi;1;\N;12;6;\N;\N
5821;2019-09-26 19:34:38;2019-09-26 19:34:38;Kakrola;Delhi;1;\N;12;6;\N;\N
5822;2019-09-26 19:34:38;2019-09-26 19:34:38;Karol Bagh;Delhi;1;\N;12;6;\N;\N
5823;2019-09-26 19:34:38;2019-09-26 19:34:38;Katwariya Sarai ;Delhi;1;\N;12;6;\N;\N
5824;2019-09-26 19:34:38;2019-09-26 19:34:38;Khanpur;Delhi;1;\N;12;6;\N;\N
5825;2019-09-26 19:34:38;2019-09-26 19:34:38;Krishna Nagar;Delhi;1;\N;12;6;\N;\N
5826;2019-09-26 19:34:38;2019-09-26 19:34:38;Lado Sarai;Delhi;1;\N;12;6;\N;\N
5827;2019-09-26 19:34:38;2019-09-26 19:34:38;Lajpat Nagar;Delhi;1;\N;12;6;\N;\N
5828;2019-09-26 19:34:38;2019-09-26 19:34:38;Laxmi Nagar;Delhi;1;\N;12;6;\N;\N
5829;2019-09-26 19:34:38;2019-09-26 19:34:38;M2K;Delhi;1;\N;12;6;\N;\N
5830;2019-09-26 19:34:38;2019-09-26 19:34:38;MMSTAR;Delhi;1;\N;12;6;\N;\N
5831;2019-09-26 19:34:38;2019-09-26 19:34:38;Madangiri ;Delhi;1;\N;12;6;\N;\N
5832;2019-09-26 19:34:38;2019-09-26 19:34:38;Madinpur;Delhi;1;\N;12;6;\N;\N
5833;2019-09-26 19:34:38;2019-09-26 19:34:38;Maidan Garhi;Delhi;1;\N;12;6;\N;\N
5834;2019-09-26 19:34:38;2019-09-26 19:34:38;Malviya nagar;Delhi;1;\N;12;6;\N;\N
5835;2019-09-26 19:34:38;2019-09-26 19:34:38;Mandawali;Delhi;1;\N;12;6;\N;\N
5836;2019-09-26 19:34:38;2019-09-26 19:34:38;Mayur Vihar;Delhi;1;\N;12;6;\N;\N
5837;2019-09-26 19:34:38;2019-09-26 19:34:38;Mehrauli;Delhi;1;\N;12;6;\N;\N
5838;2019-09-26 19:34:38;2019-09-26 19:34:38;Mohan Garden;Delhi;1;\N;12;6;\N;\N
5839;2019-09-26 19:34:38;2019-09-26 19:34:38;Moti Nagar;Delhi;1;\N;12;6;\N;\N
5840;2019-09-26 19:34:38;2019-09-26 19:34:38;Munirka;Delhi;1;\N;12;6;\N;\N
5841;2019-09-26 19:34:38;2019-09-26 19:34:38;Munrika;Delhi;1;\N;12;6;\N;\N
5842;2019-09-26 19:34:38;2019-09-26 19:34:38;NARAINA;Delhi;1;\N;12;6;\N;\N
5843;2019-09-26 19:34:38;2019-09-26 19:34:38;Najafgarh;Delhi;1;\N;12;6;\N;\N
5844;2019-09-26 19:34:38;2019-09-26 19:34:38;Nehru Nagar;Delhi;1;\N;12;6;\N;\N
5845;2019-09-26 19:34:38;2019-09-26 19:34:38;New Rotak Road;Delhi;1;\N;12;6;\N;\N
5846;2019-09-26 19:34:38;2019-09-26 19:34:38;Okhla;Delhi;1;\N;12;6;\N;\N
5847;2019-09-26 19:34:38;2019-09-26 19:34:38;Palam;Delhi;1;\N;12;6;\N;\N
5848;2019-09-26 19:34:38;2019-09-26 19:34:38;Pandav Nagar;Delhi;1;\N;12;6;\N;\N
5849;2019-09-26 19:34:38;2019-09-26 19:34:38;Patparganj;Delhi;1;\N;12;6;\N;\N
5850;2019-09-26 19:34:38;2019-09-26 19:34:38;Pitampura;Delhi;1;\N;12;6;\N;\N
5851;2019-09-26 19:34:38;2019-09-26 19:34:38;Raghubir Nagar;Delhi;1;\N;12;6;\N;\N
5852;2019-09-26 19:34:38;2019-09-26 19:34:38;Rama Krishna Puram;Delhi;1;\N;12;6;\N;\N
5853;2019-09-26 19:34:38;2019-09-26 19:34:38;Ranjeet Vihar;Delhi;1;\N;12;6;\N;\N
5854;2019-09-26 19:34:38;2019-09-26 19:34:38;Rohini;Delhi;1;\N;12;6;\N;\N
5855;2019-09-26 19:34:38;2019-09-26 19:34:38;Sadar Bazar;Delhi;1;\N;12;6;\N;\N
5856;2019-09-26 19:34:38;2019-09-26 19:34:38;Sadiq nagar;Delhi;1;\N;12;6;\N;\N
5857;2019-09-26 19:34:38;2019-09-26 19:34:38;Sagarpur;Delhi;1;\N;12;6;\N;\N
5858;2019-09-26 19:34:38;2019-09-26 19:34:38;Sangam Vihar;Delhi;1;\N;12;6;\N;\N
5859;2019-09-26 19:34:38;2019-09-26 19:34:38;Sanwal Nagar;Delhi;1;\N;12;6;\N;\N
5860;2019-09-26 19:34:38;2019-09-26 19:34:38;Savitri Nagar;Delhi;1;\N;12;6;\N;\N
5861;2019-09-26 19:34:38;2019-09-26 19:34:38;Seelampur;Delhi;1;\N;12;6;\N;\N
5862;2019-09-26 19:34:38;2019-09-26 19:34:38;Shadipur;Delhi;1;\N;12;6;\N;\N
5863;2019-09-26 19:34:38;2019-09-26 19:34:38;Shahpur Jat;Delhi;1;\N;12;6;\N;\N
5864;2019-09-26 19:34:38;2019-09-26 19:34:38;Subhas Nagar;Delhi;1;\N;12;6;\N;\N
5865;2019-09-26 19:34:38;2019-09-26 19:34:38;Sultanpur;Delhi;1;\N;12;6;\N;\N
5866;2019-09-26 19:34:38;2019-09-26 19:34:38;Tilak Nagar;Delhi;1;\N;12;6;\N;\N
5867;2019-09-26 19:34:38;2019-09-26 19:34:38;Tugalkabad;Delhi;1;\N;12;6;\N;\N
5868;2019-09-26 19:34:38;2019-09-26 19:34:38;Uttam Nagar;Delhi;1;\N;12;6;\N;\N
5869;2019-09-26 19:34:38;2019-09-26 19:34:38;Vishnu Garden;Delhi;1;\N;12;6;\N;\N
5870;2019-09-26 19:34:38;2019-09-26 19:34:38;West Patel Nagar;Delhi;1;\N;12;6;\N;\N
5927;2019-09-26 19:35:19;2019-09-26 19:35:19;Indrapuram;Ghaziabad;3;\N;6;7;\N;\N
5928;2019-09-26 19:35:19;2019-09-26 19:35:19;KW Srishti;Ghaziabad;3;\N;6;7;\N;\N
5929;2019-09-26 19:35:19;2019-09-26 19:35:19;Loni Road;Ghaziabad;3;\N;6;7;\N;\N
5930;2019-09-26 19:35:19;2019-09-26 19:35:19;Raj Nagar Extension;Ghaziabad;3;\N;6;7;\N;\N
6250;2019-09-26 19:52:33;2019-09-26 19:52:33;DLF Phase I;Gurgaon;7;\N;15;5;\N;\N
6251;2019-09-26 19:52:33;2019-09-26 19:52:33;Sector 40;Gurgaon;7;\N;15;5;\N;\N
6252;2019-09-26 19:52:33;2019-09-26 19:52:33;Faridabad Road;Gurgaon;7;\N;15;5;\N;\N
6253;2019-09-26 19:52:33;2019-09-26 19:52:33;Sector 41;Gurgaon;7;\N;15;5;\N;\N
6254;2019-09-26 19:52:33;2019-09-26 19:52:33;Sec 104;Gurgaon;7;\N;15;5;\N;\N
6255;2019-09-26 19:52:33;2019-09-26 19:52:33;Sector 44;Gurgaon;7;\N;15;5;\N;\N
6256;2019-09-26 19:52:33;2019-09-26 19:52:33;Parsvnath Exotica;Gurgaon;7;\N;15;5;\N;\N
6257;2019-09-26 19:52:33;2019-09-26 19:52:33;Sector 45;Gurgaon;7;\N;15;5;\N;\N
6258;2019-09-26 19:52:33;2019-09-26 19:52:33;Sector 42;Gurgaon;7;\N;15;5;\N;\N
6259;2019-09-26 19:52:33;2019-09-26 19:52:33;Sector 43;Gurgaon;7;\N;15;5;\N;\N
6260;2019-09-26 19:52:33;2019-09-26 19:52:33;Sector 48;Gurgaon;7;\N;15;5;\N;\N
6261;2019-09-26 19:52:33;2019-09-26 19:52:33;Sector 49;Gurgaon;7;\N;15;5;\N;\N
6262;2019-09-26 19:52:33;2019-09-26 19:52:33;Sector 46;Gurgaon;7;\N;15;5;\N;\N
6263;2019-09-26 19:52:33;2019-09-26 19:52:33;DLF Phase V;Gurgaon;7;\N;15;5;\N;\N
6264;2019-09-26 19:52:33;2019-09-26 19:52:33;Sector 47;Gurgaon;7;\N;15;5;\N;\N
6265;2019-09-26 19:52:33;2019-09-26 19:52:33;Arjun Nagar;Gurgaon;7;\N;15;5;\N;\N
6266;2019-09-26 19:52:33;2019-09-26 19:52:33;Sector 39;Gurgaon;7;\N;15;5;\N;\N
6267;2019-09-26 19:52:33;2019-09-26 19:52:33;Om Nagar;Gurgaon;7;\N;15;5;\N;\N
6268;2019-09-26 19:52:33;2019-09-26 19:52:33;Jacobpura;Gurgaon;7;\N;15;5;\N;\N
6269;2019-09-26 19:52:33;2019-09-26 19:52:33;Vishnu Garden Gurgaon;Gurgaon;7;\N;15;5;\N;\N
6270;2019-09-26 19:52:33;2019-09-26 19:52:33;Rajendra Park;Gurgaon;7;\N;15;5;\N;\N
6271;2019-09-26 19:52:33;2019-09-26 19:52:33;Sec-15;Gurgaon;7;\N;15;5;\N;\N
6272;2019-09-26 19:52:33;2019-09-26 19:52:33;Sector 51;Gurgaon;7;\N;15;5;\N;\N
6273;2019-09-26 19:52:33;2019-09-26 19:52:33;Sector 52;Gurgaon;7;\N;15;5;\N;\N
6274;2019-09-26 19:52:33;2019-09-26 19:52:33;Sector 50;Gurgaon;7;\N;15;5;\N;\N
6275;2019-09-26 19:52:33;2019-09-26 19:52:33;Sector 55;Gurgaon;7;\N;15;5;\N;\N
6276;2019-09-26 19:52:33;2019-09-26 19:52:33;Sector 56;Gurgaon;7;\N;15;5;\N;\N
6277;2019-09-26 19:52:33;2019-09-26 19:52:33;Sector 53;Gurgaon;7;\N;15;5;\N;\N
6278;2019-09-26 19:52:33;2019-09-26 19:52:33;Kadarpur;Gurgaon;7;\N;15;5;\N;\N
6279;2019-09-26 19:52:33;2019-09-26 19:52:33;Sector 54;Gurgaon;7;\N;15;5;\N;\N
6280;2019-09-26 19:52:33;2019-09-26 19:52:33;Old Gurgaon;Gurgaon;7;\N;15;5;\N;\N
6281;2019-09-26 19:52:33;2019-09-26 19:52:33;Sector 59;Gurgaon;7;\N;15;5;\N;\N
6282;2019-09-26 19:52:33;2019-09-26 19:52:33;Sector 57;Gurgaon;7;\N;15;5;\N;\N
6283;2019-09-26 19:52:33;2019-09-26 19:52:33;Sector 37D;Gurgaon;7;\N;15;5;\N;\N
6284;2019-09-26 19:52:33;2019-09-26 19:52:33;Sector 37C;Gurgaon;7;\N;15;5;\N;\N
6285;2019-09-26 19:52:33;2019-09-26 19:52:33;DLF Phase III;Gurgaon;7;\N;15;5;\N;\N
6286;2019-09-26 19:52:33;2019-09-26 19:52:33;SS Plaza;Gurgaon;7;\N;15;5;\N;\N
6287;2019-09-26 19:52:33;2019-09-26 19:52:33;Baldev Nagar;Gurgaon;7;\N;15;5;\N;\N
6288;2019-09-26 19:52:33;2019-09-26 19:52:33;Aggarwal Heights;Gurgaon;7;\N;15;5;\N;\N
6289;2019-09-26 19:52:33;2019-09-26 19:52:33;Casa Bella;Gurgaon;7;\N;15;5;\N;\N
6290;2019-09-26 19:52:33;2019-09-26 19:52:33;Sector-82A;Gurgaon;7;\N;15;5;\N;\N
6291;2019-09-26 19:52:33;2019-09-26 19:52:33;Sector 7;Gurgaon;7;\N;15;5;\N;\N
6292;2019-09-26 19:52:33;2019-09-26 19:52:33;ASF INSIGNIA;Gurgaon;7;\N;15;5;\N;\N
6293;2019-09-26 19:52:33;2019-09-26 19:52:33;Madanpuri;Gurgaon;7;\N;15;5;\N;\N
6294;2019-09-26 19:52:33;2019-09-26 19:52:33;Sector 27;Gurgaon;7;\N;15;5;\N;\N
6295;2019-09-26 19:52:33;2019-09-26 19:52:33;Farooq Nagar;Gurgaon;7;\N;15;5;\N;\N
6296;2019-09-26 19:52:33;2019-09-26 19:52:33;MG Road;Gurgaon;7;\N;15;5;\N;\N
6297;2019-09-26 19:52:33;2019-09-26 19:52:33;Shanti Nagar;Gurgaon;7;\N;15;5;\N;\N
6298;2019-09-26 19:52:33;2019-09-26 19:52:33;Sushant Lok I;Gurgaon;7;\N;15;5;\N;\N
6299;2019-09-26 19:52:33;2019-09-26 19:52:33;Ratan  Vihar;Gurgaon;7;\N;15;5;\N;\N
6300;2019-09-26 19:52:33;2019-09-26 19:52:33;Ulawash;Gurgaon;7;\N;15;5;\N;\N
6301;2019-09-26 19:52:33;2019-09-26 19:52:33;Amit_Yadav_Daruheda;Gurgaon;7;\N;15;5;\N;\N
6302;2019-09-26 19:52:33;2019-09-26 19:52:33;Gawalphari;Gurgaon;7;\N;15;5;\N;\N
6303;2019-09-26 19:52:33;2019-09-26 19:52:33;Sector 31;Gurgaon;7;\N;15;5;\N;\N
6304;2019-09-26 19:52:33;2019-09-26 19:52:33;Jyoti Park;Gurgaon;7;\N;15;5;\N;\N
6305;2019-09-26 19:52:33;2019-09-26 19:52:33;Sector 32;Gurgaon;7;\N;15;5;\N;\N
6306;2019-09-26 19:52:33;2019-09-26 19:52:33;Madawas;Gurgaon;7;\N;15;5;\N;\N
6307;2019-09-26 19:52:33;2019-09-26 19:52:33;Sector 38;Gurgaon;7;\N;15;5;\N;\N
6308;2019-09-26 19:52:33;2019-09-26 19:52:33;Laxman Vihar Gurgaon;Gurgaon;7;\N;15;5;\N;\N
6309;2019-09-26 19:52:33;2019-09-26 19:52:33;Ashok Garden;Gurgaon;7;\N;15;5;\N;\N
6310;2019-09-26 19:52:33;2019-09-26 19:52:33;Sector 28;Gurgaon;7;\N;15;5;\N;\N
6311;2019-09-26 19:52:33;2019-09-26 19:52:33;Sector 29;Gurgaon;7;\N;15;5;\N;\N
6312;2019-09-26 19:52:33;2019-09-26 19:52:33;Mahalaxmi Garden;Gurgaon;7;\N;15;5;\N;\N
6313;2019-09-26 19:52:33;2019-09-26 19:52:33;Sector 110;Gurgaon;7;\N;15;5;\N;\N
6314;2019-09-26 19:52:33;2019-09-26 19:52:33;Shiva Ji Nagar;Gurgaon;7;\N;15;5;\N;\N
6315;2019-09-26 19:52:33;2019-09-26 19:52:33;DLF Phase II;Gurgaon;7;\N;15;5;\N;\N
6316;2019-09-26 19:52:33;2019-09-26 19:52:33;Sector 81;Gurgaon;7;\N;15;5;\N;\N
6317;2019-09-26 19:52:33;2019-09-26 19:52:33;Seven Lamp Sector 82;Gurgaon;7;\N;15;5;\N;\N
6318;2019-09-26 19:52:33;2019-09-26 19:52:33;Sector 84;Gurgaon;7;\N;15;5;\N;\N
6319;2019-09-26 19:52:33;2019-09-26 19:52:33;Sector 85;Gurgaon;7;\N;15;5;\N;\N
6320;2019-09-26 19:52:33;2019-09-26 19:52:33;Sector 82;Gurgaon;7;\N;15;5;\N;\N
6321;2019-09-26 19:52:33;2019-09-26 19:52:33;Subhash Nagar Gurgaon;Gurgaon;7;\N;15;5;\N;\N
6322;2019-09-26 19:52:33;2019-09-26 19:52:33;Sector 83;Gurgaon;7;\N;15;5;\N;\N
6323;2019-09-26 19:52:33;2019-09-26 19:52:33;Sector 89;Gurgaon;7;\N;15;5;\N;\N
6324;2019-09-26 19:52:33;2019-09-26 19:52:33;Sector 86;Gurgaon;7;\N;15;5;\N;\N
6325;2019-09-26 19:52:33;2019-09-26 19:52:33;Bhim Garh Kheri;Gurgaon;7;\N;15;5;\N;\N
6326;2019-09-26 19:52:33;2019-09-26 19:52:33;Jacubpura;Gurgaon;7;\N;15;5;\N;\N
6327;2019-09-26 19:52:33;2019-09-26 19:52:33;Sector 112;Gurgaon;7;\N;15;5;\N;\N
6328;2019-09-26 19:52:33;2019-09-26 19:52:33;Prem Nagar;Gurgaon;7;\N;15;5;\N;\N
6329;2019-09-26 19:52:33;2019-09-26 19:52:33;DLF Phase IV;Gurgaon;7;\N;15;5;\N;\N
6330;2019-09-26 19:52:33;2019-09-26 19:52:33;Sector 109;Gurgaon;7;\N;15;5;\N;\N
6331;2019-09-26 19:52:33;2019-09-26 19:52:33;Pratap Nagar;Gurgaon;7;\N;15;5;\N;\N
6332;2019-09-26 19:52:33;2019-09-26 19:52:33;KEDAR;Gurgaon;7;\N;15;5;\N;\N
6333;2019-09-26 19:52:33;2019-09-26 19:52:33;Sector 91;Gurgaon;7;\N;15;5;\N;\N
6334;2019-09-26 19:52:33;2019-09-26 19:52:33;Sector 92;Gurgaon;7;\N;15;5;\N;\N
6335;2019-09-26 19:52:33;2019-09-26 19:52:33;Sector 90;Gurgaon;7;\N;15;5;\N;\N
6336;2019-09-26 19:52:33;2019-09-26 19:52:33;Sector 95;Gurgaon;7;\N;15;5;\N;\N
6337;2019-09-26 19:52:33;2019-09-26 19:52:33;test;Gurgaon;7;\N;15;5;\N;\N
6338;2019-09-26 19:52:33;2019-09-26 19:52:33;Gurgaon;Gurgaon;7;\N;15;5;\N;\N
6339;2019-09-26 19:52:33;2019-09-26 19:52:33;MG Road Sikanderpur;Gurgaon;7;\N;15;5;\N;\N
6340;2019-09-26 19:52:33;2019-09-26 19:52:33;Sector 93;Gurgaon;7;\N;15;5;\N;\N
6341;2019-09-26 19:52:33;2019-09-26 19:52:33;Sector 107;Gurgaon;7;\N;15;5;\N;\N
6342;2019-09-26 19:52:33;2019-09-26 19:52:33;Sector 108;Gurgaon;7;\N;15;5;\N;\N
6343;2019-09-26 19:52:33;2019-09-26 19:52:33;Sector 12;Gurgaon;7;\N;15;5;\N;\N
6344;2019-09-26 19:52:33;2019-09-26 19:52:33;Sector 14;Gurgaon;7;\N;15;5;\N;\N
6345;2019-09-26 19:52:33;2019-09-26 19:52:33;Sector-114;Gurgaon;7;\N;15;5;\N;\N
6346;2019-09-26 19:52:33;2019-09-26 19:52:33;Badsahpur;Gurgaon;7;\N;15;5;\N;\N
6347;2019-09-26 19:52:33;2019-09-26 19:52:33;Mianwali Colony;Gurgaon;7;\N;15;5;\N;\N
6348;2019-09-26 19:52:33;2019-09-26 19:52:33;Patel Nagar;Gurgaon;7;\N;15;5;\N;\N
6349;2019-09-26 19:52:33;2019-09-26 19:52:33;Ashok Vihar;Gurgaon;7;\N;15;5;\N;\N
6350;2019-09-26 19:52:33;2019-09-26 19:52:33;Exclusive floor;Gurgaon;7;\N;15;5;\N;\N
6351;2019-09-26 19:52:33;2019-09-26 19:52:33;Kapshera;Gurgaon;7;\N;15;5;\N;\N
6352;2019-09-26 19:52:33;2019-09-26 19:52:33;Saraswati Vihars;Gurgaon;7;\N;15;5;\N;\N
6353;2019-09-26 19:52:33;2019-09-26 19:52:33;Dwarka;Gurgaon;7;\N;15;5;\N;\N
6354;2019-09-26 19:52:33;2019-09-26 19:52:33;NH8;Gurgaon;7;\N;15;5;\N;\N
6355;2019-09-26 19:52:33;2019-09-26 19:52:33;SS Group;Gurgaon;7;\N;15;5;\N;\N
6356;2019-09-26 19:52:33;2019-09-26 19:52:33;Sec-21A;Gurgaon;7;\N;15;5;\N;\N
6357;2019-09-26 19:52:33;2019-09-26 19:52:33;Surat Nagar;Gurgaon;7;\N;15;5;\N;\N
6358;2019-09-26 19:52:33;2019-09-26 19:52:33;Delhi;Gurgaon;7;\N;15;5;\N;\N
6359;2019-09-26 19:52:33;2019-09-26 19:52:33;Sector 63;Gurgaon;7;\N;15;5;\N;\N
6360;2019-09-26 19:52:33;2019-09-26 19:52:33;Sector-10A;Gurgaon;7;\N;15;5;\N;\N
6361;2019-09-26 19:52:33;2019-09-26 19:52:33;Sector 66;Gurgaon;7;\N;15;5;\N;\N
6362;2019-09-26 19:52:33;2019-09-26 19:52:33;Sec 29;Gurgaon;7;\N;15;5;\N;\N
6363;2019-09-26 19:52:33;2019-09-26 19:52:33;Sector 69;Gurgaon;7;\N;15;5;\N;\N
6364;2019-09-26 19:52:33;2019-09-26 19:52:33;Sector-103;Gurgaon;7;\N;15;5;\N;\N
6365;2019-09-26 19:52:33;2019-09-26 19:52:33;Udhyog Vihar;Gurgaon;7;\N;15;5;\N;\N
6366;2019-09-26 19:52:33;2019-09-26 19:52:33;Laxmi Garden Gurgaon;Gurgaon;7;\N;15;5;\N;\N
6367;2019-09-26 19:52:33;2019-09-26 19:52:33;Ram Nagar;Gurgaon;7;\N;15;5;\N;\N
6368;2019-09-26 19:52:33;2019-09-26 19:52:33;Noida Sector 143B;Gurgaon;7;\N;15;5;\N;\N
6369;2019-09-26 19:52:33;2019-09-26 19:52:33;Sector 70;Gurgaon;7;\N;15;5;\N;\N
6370;2019-09-26 19:52:33;2019-09-26 19:52:33;Sec-56;Gurgaon;7;\N;15;5;\N;\N
6371;2019-09-26 19:52:33;2019-09-26 19:52:33;Golf Course Road;Gurgaon;7;\N;15;5;\N;\N
6372;2019-09-26 19:52:33;2019-09-26 19:52:33;Sec-51;Gurgaon;7;\N;15;5;\N;\N
6373;2019-09-26 19:52:33;2019-09-26 19:52:33;Sector 78;Gurgaon;7;\N;15;5;\N;\N
6374;2019-09-26 19:52:33;2019-09-26 19:52:33;Sector 76;Gurgaon;7;\N;15;5;\N;\N
6375;2019-09-26 19:52:33;2019-09-26 19:52:33;Sector-30 Gurgaon;Gurgaon;7;\N;15;5;\N;\N
6376;2019-09-26 19:52:33;2019-09-26 19:52:33;Kheri;Gurgaon;7;\N;15;5;\N;\N
6377;2019-09-26 19:52:33;2019-09-26 19:52:33;Sohna Road;Gurgaon;7;\N;15;5;\N;\N
6378;2019-09-26 19:52:33;2019-09-26 19:52:33;Sector-88;Gurgaon;7;\N;15;5;\N;\N
6379;2019-09-26 19:52:33;2019-09-26 19:52:33;Wembley;Gurgaon;7;\N;15;5;\N;\N
6380;2019-09-26 19:52:42;2019-09-26 19:52:42;Noida Sector-78;Noida;7;\N;16;10;\N;\N
6381;2019-09-26 19:52:42;2019-09-26 19:52:42;Noida Sector 135;Noida;7;\N;16;10;\N;\N
6382;2019-09-26 19:52:42;2019-09-26 19:52:42;Noida Sector-77;Noida;7;\N;16;10;\N;\N
6383;2019-09-26 19:52:42;2019-09-26 19:52:42;Noida Sector 134;Noida;7;\N;16;10;\N;\N
6384;2019-09-26 19:52:42;2019-09-26 19:52:42;Supertech Oxford;Noida;7;\N;16;10;\N;\N
6385;2019-09-26 19:52:42;2019-09-26 19:52:42;Noida Extension;Noida;7;\N;16;10;\N;\N
6386;2019-09-26 19:52:42;2019-09-26 19:52:42;Noida Sector-108;Noida;7;\N;16;10;\N;\N
6387;2019-09-26 19:52:42;2019-09-26 19:52:42;Bhatta Colony;Noida;7;\N;16;10;\N;\N
6388;2019-09-26 19:52:42;2019-09-26 19:52:42;Noida Sector -78;Noida;7;\N;16;10;\N;\N
6389;2019-09-26 19:52:42;2019-09-26 19:52:42;Noida Sector 130;Noida;7;\N;16;10;\N;\N
6390;2019-09-26 19:52:42;2019-09-26 19:52:42;Stellar Jeevan 1;Noida;7;\N;16;10;\N;\N
6391;2019-09-26 19:52:42;2019-09-26 19:52:42;Sec-128;Noida;7;\N;16;10;\N;\N
6392;2019-09-26 19:52:42;2019-09-26 19:52:42;Unibera;Noida;7;\N;16;10;\N;\N
6393;2019-09-26 19:52:42;2019-09-26 19:52:42;Amarpali;Noida;7;\N;16;10;\N;\N
6394;2019-09-26 19:52:42;2019-09-26 19:52:42;Noida Sector-37;Noida;7;\N;16;10;\N;\N
6395;2019-09-26 19:52:42;2019-09-26 19:52:42;Noida Sector-46;Noida;7;\N;16;10;\N;\N
6396;2019-09-26 19:52:42;2019-09-26 19:52:42;Greater Noida;Noida;7;\N;16;10;\N;\N
6397;2019-09-26 19:52:42;2019-09-26 19:52:42;Noida Sector 100;Noida;7;\N;16;10;\N;\N
6398;2019-09-26 19:52:42;2019-09-26 19:52:42;Noida Sector 143;Noida;7;\N;16;10;\N;\N
6399;2019-09-26 19:52:42;2019-09-26 19:52:42;Cross Road;Noida;7;\N;16;10;\N;\N
6400;2019-09-26 19:52:42;2019-09-26 19:52:42;Noida Sector 29;Noida;7;\N;16;10;\N;\N
6401;2019-09-26 19:52:42;2019-09-26 19:52:42;Logix Zest;Noida;7;\N;16;10;\N;\N
6402;2019-09-26 19:52:42;2019-09-26 19:52:42;Noida Sector 28;Noida;7;\N;16;10;\N;\N
6403;2019-09-26 19:52:42;2019-09-26 19:52:42;Sector 103;Noida;7;\N;16;10;\N;\N
6404;2019-09-26 19:52:42;2019-09-26 19:52:42;Stellar Business Park;Noida;7;\N;16;10;\N;\N
6405;2019-09-26 19:52:42;2019-09-26 19:52:42;Sector 104;Noida;7;\N;16;10;\N;\N
6406;2019-09-26 19:52:42;2019-09-26 19:52:42;Noida Sector 76;Noida;7;\N;16;10;\N;\N
6407;2019-09-26 19:52:42;2019-09-26 19:52:42;Noida Sector 31;Noida;7;\N;16;10;\N;\N
6408;2019-09-26 19:52:42;2019-09-26 19:52:42;Sec-132;Noida;7;\N;16;10;\N;\N
6409;2019-09-26 19:52:42;2019-09-26 19:52:42;Noida-104;Noida;7;\N;16;10;\N;\N
6410;2019-09-26 19:52:42;2019-09-26 19:52:42;Chogan Pur;Noida;7;\N;16;10;\N;\N
6411;2019-09-26 19:52:42;2019-09-26 19:52:42;Tushyana;Noida;7;\N;16;10;\N;\N
6412;2019-09-26 19:52:42;2019-09-26 19:52:42;CBS International;Noida;7;\N;16;10;\N;\N
6413;2019-09-26 19:52:42;2019-09-26 19:52:42;La Residentia;Noida;7;\N;16;10;\N;\N
6414;2019-09-26 19:52:42;2019-09-26 19:52:42;Noida Sector-150;Noida;7;\N;16;10;\N;\N
6415;2019-09-26 19:52:42;2019-09-26 19:52:42;Noida Sector 110;Noida;7;\N;16;10;\N;\N
6416;2019-09-26 19:52:42;2019-09-26 19:52:42;Sec-82;Noida;7;\N;16;10;\N;\N
6417;2019-09-26 19:52:42;2019-09-26 19:52:42;Aspire;Noida;7;\N;16;10;\N;\N
6418;2019-09-26 19:52:42;2019-09-26 19:52:42;Noida Sector 36;Noida;7;\N;16;10;\N;\N
6419;2019-09-26 19:52:42;2019-09-26 19:52:42;Noida Sector 16C ;Noida;7;\N;16;10;\N;\N
6420;2019-09-26 19:52:42;2019-09-26 19:52:42;Noida Sector 44;Noida;7;\N;16;10;\N;\N
6421;2019-09-26 19:52:42;2019-09-26 19:52:42;Noida Sector 41;Noida;7;\N;16;10;\N;\N
6422;2019-09-26 19:52:42;2019-09-26 19:52:42;NRI Residency;Noida;7;\N;16;10;\N;\N
6423;2019-09-26 19:52:42;2019-09-26 19:52:42;Sec-104;Noida;7;\N;16;10;\N;\N
6424;2019-09-26 19:52:42;2019-09-26 19:52:42;Noida Sector 126;Noida;7;\N;16;10;\N;\N
6425;2019-09-26 19:52:42;2019-09-26 19:52:42;Noida Sector-93B;Noida;7;\N;16;10;\N;\N
6426;2019-09-26 19:52:42;2019-09-26 19:52:42;Noida Sector 125;Noida;7;\N;16;10;\N;\N
6427;2019-09-26 19:52:42;2019-09-26 19:52:42;Noida Sector 168;Noida;7;\N;16;10;\N;\N
6428;2019-09-26 19:52:42;2019-09-26 19:52:42;Mangalya;Noida;7;\N;16;10;\N;\N
6429;2019-09-26 19:52:42;2019-09-26 19:52:42;Noida Sector-62;Noida;7;\N;16;10;\N;\N
6430;2019-09-26 19:52:42;2019-09-26 19:52:42;Noida Sector 49;Noida;7;\N;16;10;\N;\N
6431;2019-09-26 19:52:42;2019-09-26 19:52:42;Palm Olympia;Noida;7;\N;16;10;\N;\N
6432;2019-09-26 19:52:42;2019-09-26 19:52:42;Noida Sector 45;Noida;7;\N;16;10;\N;\N
6433;2019-09-26 19:52:42;2019-09-26 19:52:42;Noida Sector 99;Noida;7;\N;16;10;\N;\N
6434;2019-09-26 19:52:42;2019-09-26 19:52:42;Noida Sector-137;Noida;7;\N;16;10;\N;\N
6435;2019-09-26 19:52:42;2019-09-26 19:52:42;Gaur City I;Noida;7;\N;16;10;\N;\N
6436;2019-09-26 19:52:49;2019-09-26 19:52:49;Raj Nagar Extension;Ghaziabad;7;\N;17;10;\N;\N
6437;2019-09-26 19:52:49;2019-09-26 19:52:49;Loni Road;Ghaziabad;7;\N;17;10;\N;\N
6438;2019-09-26 19:52:49;2019-09-26 19:52:49;KW Srishti;Ghaziabad;7;\N;17;10;\N;\N
6439;2019-09-26 19:52:49;2019-09-26 19:52:49;Indrapuram;Ghaziabad;7;\N;17;10;\N;\N
6440;2019-09-26 19:52:59;2019-09-26 19:52:59;Anand Parbat;Delhi;7;\N;18;5;\N;\N
6441;2019-09-26 19:52:59;2019-09-26 19:52:59;Sanwal Nagar;Delhi;7;\N;18;5;\N;\N
6442;2019-09-26 19:52:59;2019-09-26 19:52:59;Govindpuri;Delhi;7;\N;18;5;\N;\N
6443;2019-09-26 19:52:59;2019-09-26 19:52:59;Sadiq nagar;Delhi;7;\N;18;5;\N;\N
6444;2019-09-26 19:52:59;2019-09-26 19:52:59;Humayupur;Delhi;7;\N;18;5;\N;\N
6445;2019-09-26 19:52:59;2019-09-26 19:52:59;Mayur Vihar;Delhi;7;\N;18;5;\N;\N
6446;2019-09-26 19:52:59;2019-09-26 19:52:59;Ranjeet Vihar;Delhi;7;\N;18;5;\N;\N
6447;2019-09-26 19:52:59;2019-09-26 19:52:59;Laxmi Nagar;Delhi;7;\N;18;5;\N;\N
6448;2019-09-26 19:52:59;2019-09-26 19:52:59;Sadar Bazar;Delhi;7;\N;18;5;\N;\N
6449;2019-09-26 19:52:59;2019-09-26 19:52:59;Badarpur;Delhi;7;\N;18;5;\N;\N
6450;2019-09-26 19:52:59;2019-09-26 19:52:59;Madinpur;Delhi;7;\N;18;5;\N;\N
6451;2019-09-26 19:52:59;2019-09-26 19:52:59;Mehrauli;Delhi;7;\N;18;5;\N;\N
6452;2019-09-26 19:52:59;2019-09-26 19:52:59;Tilak Nagar;Delhi;7;\N;18;5;\N;\N
6453;2019-09-26 19:52:59;2019-09-26 19:52:59;Pitampura;Delhi;7;\N;18;5;\N;\N
6454;2019-09-26 19:52:59;2019-09-26 19:52:59;KAPASHERA;Delhi;7;\N;18;5;\N;\N
6455;2019-09-26 19:52:59;2019-09-26 19:52:59;Shahpur Jat;Delhi;7;\N;18;5;\N;\N
6456;2019-09-26 19:52:59;2019-09-26 19:52:59;Khanpur;Delhi;7;\N;18;5;\N;\N
6457;2019-09-26 19:52:59;2019-09-26 19:52:59;New Rotak Road;Delhi;7;\N;18;5;\N;\N
6458;2019-09-26 19:52:59;2019-09-26 19:52:59;Mohan Garden;Delhi;7;\N;18;5;\N;\N
6459;2019-09-26 19:52:59;2019-09-26 19:52:59;Karol Bagh;Delhi;7;\N;18;5;\N;\N
6460;2019-09-26 19:52:59;2019-09-26 19:52:59;Shadipur;Delhi;7;\N;18;5;\N;\N
6461;2019-09-26 19:52:59;2019-09-26 19:52:59;Aaya Nagar;Delhi;7;\N;18;5;\N;\N
6462;2019-09-26 19:52:59;2019-09-26 19:52:59;Raghubir Nagar;Delhi;7;\N;18;5;\N;\N
6463;2019-09-26 19:52:59;2019-09-26 19:52:59;Sangam Vihar;Delhi;7;\N;18;5;\N;\N
6464;2019-09-26 19:52:59;2019-09-26 19:52:59;Madangiri ;Delhi;7;\N;18;5;\N;\N
6465;2019-09-26 19:52:59;2019-09-26 19:52:59;Subhas Nagar;Delhi;7;\N;18;5;\N;\N
6466;2019-09-26 19:52:59;2019-09-26 19:52:59;Gautam Nagar;Delhi;7;\N;18;5;\N;\N
6467;2019-09-26 19:52:59;2019-09-26 19:52:59;Vishnu Garden;Delhi;7;\N;18;5;\N;\N
6468;2019-09-26 19:52:59;2019-09-26 19:52:59;Ber Sarai;Delhi;7;\N;18;5;\N;\N
6469;2019-09-26 19:52:59;2019-09-26 19:52:59;Krishna Nagar;Delhi;7;\N;18;5;\N;\N
6470;2019-09-26 19:52:59;2019-09-26 19:52:59;West Patel Nagar;Delhi;7;\N;18;5;\N;\N
6471;2019-09-26 19:52:59;2019-09-26 19:52:59;Jamia Nagar;Delhi;7;\N;18;5;\N;\N
6472;2019-09-26 19:52:59;2019-09-26 19:52:59;Sagarpur;Delhi;7;\N;18;5;\N;\N
6473;2019-09-26 19:52:59;2019-09-26 19:52:59;Moti Nagar;Delhi;7;\N;18;5;\N;\N
6474;2019-09-26 19:52:59;2019-09-26 19:52:59;Kakrola;Delhi;7;\N;18;5;\N;\N
6475;2019-09-26 19:52:59;2019-09-26 19:52:59;Maidan Garhi;Delhi;7;\N;18;5;\N;\N
6476;2019-09-26 19:52:59;2019-09-26 19:52:59;Najafgarh;Delhi;7;\N;18;5;\N;\N
6477;2019-09-26 19:52:59;2019-09-26 19:52:59;Malviya nagar;Delhi;7;\N;18;5;\N;\N
6478;2019-09-26 19:52:59;2019-09-26 19:52:59;MMSTAR;Delhi;7;\N;18;5;\N;\N
6479;2019-09-26 19:52:59;2019-09-26 19:52:59;Dwarka;Delhi;7;\N;18;5;\N;\N
6480;2019-09-26 19:52:59;2019-09-26 19:52:59;Katwariya Sarai ;Delhi;7;\N;18;5;\N;\N
6481;2019-09-26 19:52:59;2019-09-26 19:52:59;Sultanpur;Delhi;7;\N;18;5;\N;\N
6482;2019-09-26 19:52:59;2019-09-26 19:52:59;Munirka;Delhi;7;\N;18;5;\N;\N
6483;2019-09-26 19:52:59;2019-09-26 19:52:59;Batla House;Delhi;7;\N;18;5;\N;\N
6484;2019-09-26 19:52:59;2019-09-26 19:52:59;Deoli village;Delhi;7;\N;18;5;\N;\N
6485;2019-09-26 19:52:59;2019-09-26 19:52:59;Godrej;Delhi;7;\N;18;5;\N;\N
6486;2019-09-26 19:52:59;2019-09-26 19:52:59;Hari Nagar;Delhi;7;\N;18;5;\N;\N
6487;2019-09-26 19:52:59;2019-09-26 19:52:59;Munrika;Delhi;7;\N;18;5;\N;\N
6488;2019-09-26 19:52:59;2019-09-26 19:52:59;Seelampur;Delhi;7;\N;18;5;\N;\N
6489;2019-09-26 19:52:59;2019-09-26 19:52:59;Begumpur;Delhi;7;\N;18;5;\N;\N
6490;2019-09-26 19:52:59;2019-09-26 19:52:59;Rama Krishna Puram;Delhi;7;\N;18;5;\N;\N
6491;2019-09-26 19:52:59;2019-09-26 19:52:59;Uttam Nagar;Delhi;7;\N;18;5;\N;\N
6492;2019-09-26 19:52:59;2019-09-26 19:52:59;Rohini;Delhi;7;\N;18;5;\N;\N
6493;2019-09-26 19:52:59;2019-09-26 19:52:59;Baljeet Nagar;Delhi;7;\N;18;5;\N;\N
6494;2019-09-26 19:52:59;2019-09-26 19:52:59;Lajpat Nagar;Delhi;7;\N;18;5;\N;\N
6495;2019-09-26 19:52:59;2019-09-26 19:52:59; Jia Sarai;Delhi;7;\N;18;5;\N;\N
6496;2019-09-26 19:52:59;2019-09-26 19:52:59;Gol Dak Khana;Delhi;7;\N;18;5;\N;\N
6497;2019-09-26 19:52:59;2019-09-26 19:52:59;M2K;Delhi;7;\N;18;5;\N;\N
6498;2019-09-26 19:52:59;2019-09-26 19:52:59;Dakshinpuri;Delhi;7;\N;18;5;\N;\N
6499;2019-09-26 19:52:59;2019-09-26 19:52:59;NARAINA;Delhi;7;\N;18;5;\N;\N
6500;2019-09-26 19:52:59;2019-09-26 19:52:59;Okhla;Delhi;7;\N;18;5;\N;\N
6501;2019-09-26 19:52:59;2019-09-26 19:52:59;Tugalkabad;Delhi;7;\N;18;5;\N;\N
6502;2019-09-26 19:52:59;2019-09-26 19:52:59;Savitri Nagar;Delhi;7;\N;18;5;\N;\N
6503;2019-09-26 19:52:59;2019-09-26 19:52:59;Nehru Nagar;Delhi;7;\N;18;5;\N;\N
6504;2019-09-26 19:52:59;2019-09-26 19:52:59;Palam;Delhi;7;\N;18;5;\N;\N
6505;2019-09-26 19:52:59;2019-09-26 19:52:59;Lado Sarai;Delhi;7;\N;18;5;\N;\N
6506;2019-09-26 19:52:59;2019-09-26 19:52:59;Patparganj;Delhi;7;\N;18;5;\N;\N
6507;2019-09-26 19:52:59;2019-09-26 19:52:59;Ghitorni;Delhi;7;\N;18;5;\N;\N
6508;2019-09-26 19:52:59;2019-09-26 19:52:59;Dakshin Puri Extension;Delhi;7;\N;18;5;\N;\N
6509;2019-09-26 19:52:59;2019-09-26 19:52:59;Mandawali;Delhi;7;\N;18;5;\N;\N
6510;2019-09-26 19:52:59;2019-09-26 19:52:59;Janakpuri;Delhi;7;\N;18;5;\N;\N
6511;2019-09-26 19:52:59;2019-09-26 19:52:59;Jasola;Delhi;7;\N;18;5;\N;\N
6512;2019-09-26 19:52:59;2019-09-26 19:52:59;Pandav Nagar;Delhi;7;\N;18;5;\N;\N
6513;2019-09-26 19:56:35;2019-09-26 19:56:35;ASF INSIGNIA;Gurgaon;2;\N;19;12;\N;\N
6514;2019-09-26 19:56:35;2019-09-26 19:56:35;Aggarwal Heights;Gurgaon;2;\N;19;12;\N;\N
6515;2019-09-26 19:56:35;2019-09-26 19:56:35;Amit_Yadav_Daruheda;Gurgaon;2;\N;19;12;\N;\N
6516;2019-09-26 19:56:35;2019-09-26 19:56:35;Arjun Nagar;Gurgaon;2;\N;19;12;\N;\N
6517;2019-09-26 19:56:35;2019-09-26 19:56:35;Ashok Garden;Gurgaon;2;\N;19;12;\N;\N
6518;2019-09-26 19:56:35;2019-09-26 19:56:35;Ashok Vihar;Gurgaon;2;\N;19;12;\N;\N
6519;2019-09-26 19:56:35;2019-09-26 19:56:35;Badsahpur;Gurgaon;2;\N;19;12;\N;\N
6520;2019-09-26 19:56:35;2019-09-26 19:56:35;Baldev Nagar;Gurgaon;2;\N;19;12;\N;\N
6521;2019-09-26 19:56:35;2019-09-26 19:56:35;Bhim Garh Kheri;Gurgaon;2;\N;19;12;\N;\N
6522;2019-09-26 19:56:35;2019-09-26 19:56:35;Casa Bella;Gurgaon;2;\N;19;12;\N;\N
6523;2019-09-26 19:56:35;2019-09-26 19:56:35;DLF Phase I;Gurgaon;2;\N;19;12;\N;\N
6524;2019-09-26 19:56:35;2019-09-26 19:56:35;DLF Phase II;Gurgaon;2;\N;19;12;\N;\N
6525;2019-09-26 19:56:35;2019-09-26 19:56:35;DLF Phase III;Gurgaon;2;\N;19;12;\N;\N
6526;2019-09-26 19:56:35;2019-09-26 19:56:35;DLF Phase IV;Gurgaon;2;\N;19;12;\N;\N
6527;2019-09-26 19:56:35;2019-09-26 19:56:35;DLF Phase V;Gurgaon;2;\N;19;12;\N;\N
6528;2019-09-26 19:56:35;2019-09-26 19:56:35;Delhi;Gurgaon;2;\N;19;12;\N;\N
6529;2019-09-26 19:56:35;2019-09-26 19:56:35;Dwarka;Gurgaon;2;\N;19;12;\N;\N
6530;2019-09-26 19:56:35;2019-09-26 19:56:35;Exclusive floor;Gurgaon;2;\N;19;12;\N;\N
6531;2019-09-26 19:56:35;2019-09-26 19:56:35;Faridabad Road;Gurgaon;2;\N;19;12;\N;\N
6532;2019-09-26 19:56:35;2019-09-26 19:56:35;Farooq Nagar;Gurgaon;2;\N;19;12;\N;\N
6533;2019-09-26 19:56:35;2019-09-26 19:56:35;Gawalphari;Gurgaon;2;\N;19;12;\N;\N
6534;2019-09-26 19:56:35;2019-09-26 19:56:35;Golf Course Road;Gurgaon;2;\N;19;12;\N;\N
6535;2019-09-26 19:56:35;2019-09-26 19:56:35;Gurgaon;Gurgaon;2;\N;19;12;\N;\N
6536;2019-09-26 19:56:35;2019-09-26 19:56:35;Jacobpura;Gurgaon;2;\N;19;12;\N;\N
6537;2019-09-26 19:56:35;2019-09-26 19:56:35;Jacubpura;Gurgaon;2;\N;19;12;\N;\N
6538;2019-09-26 19:56:35;2019-09-26 19:56:35;Jyoti Park;Gurgaon;2;\N;19;12;\N;\N
6539;2019-09-26 19:56:35;2019-09-26 19:56:35;KEDAR;Gurgaon;2;\N;19;12;\N;\N
6540;2019-09-26 19:56:35;2019-09-26 19:56:35;Kadarpur;Gurgaon;2;\N;19;12;\N;\N
6541;2019-09-26 19:56:35;2019-09-26 19:56:35;Kapshera;Gurgaon;2;\N;19;12;\N;\N
6542;2019-09-26 19:56:35;2019-09-26 19:56:35;Kheri;Gurgaon;2;\N;19;12;\N;\N
6543;2019-09-26 19:56:35;2019-09-26 19:56:35;Laxman Vihar Gurgaon;Gurgaon;2;\N;19;12;\N;\N
6544;2019-09-26 19:56:35;2019-09-26 19:56:35;Laxmi Garden Gurgaon;Gurgaon;2;\N;19;12;\N;\N
6545;2019-09-26 19:56:35;2019-09-26 19:56:35;MG Road;Gurgaon;2;\N;19;12;\N;\N
6546;2019-09-26 19:56:35;2019-09-26 19:56:35;MG Road Sikanderpur;Gurgaon;2;\N;19;12;\N;\N
6547;2019-09-26 19:56:35;2019-09-26 19:56:35;Madanpuri;Gurgaon;2;\N;19;12;\N;\N
6548;2019-09-26 19:56:35;2019-09-26 19:56:35;Madawas;Gurgaon;2;\N;19;12;\N;\N
6549;2019-09-26 19:56:35;2019-09-26 19:56:35;Mahalaxmi Garden;Gurgaon;2;\N;19;12;\N;\N
6550;2019-09-26 19:56:35;2019-09-26 19:56:35;Mianwali Colony;Gurgaon;2;\N;19;12;\N;\N
6551;2019-09-26 19:56:35;2019-09-26 19:56:35;NH8;Gurgaon;2;\N;19;12;\N;\N
6552;2019-09-26 19:56:35;2019-09-26 19:56:35;Noida Sector 143B;Gurgaon;2;\N;19;12;\N;\N
6553;2019-09-26 19:56:35;2019-09-26 19:56:35;Old Gurgaon;Gurgaon;2;\N;19;12;\N;\N
6554;2019-09-26 19:56:35;2019-09-26 19:56:35;Om Nagar;Gurgaon;2;\N;19;12;\N;\N
6555;2019-09-26 19:56:35;2019-09-26 19:56:35;Parsvnath Exotica;Gurgaon;2;\N;19;12;\N;\N
6556;2019-09-26 19:56:35;2019-09-26 19:56:35;Patel Nagar;Gurgaon;2;\N;19;12;\N;\N
6557;2019-09-26 19:56:35;2019-09-26 19:56:35;Pratap Nagar;Gurgaon;2;\N;19;12;\N;\N
6558;2019-09-26 19:56:35;2019-09-26 19:56:35;Prem Nagar;Gurgaon;2;\N;19;12;\N;\N
6559;2019-09-26 19:56:35;2019-09-26 19:56:35;Rajendra Park;Gurgaon;2;\N;19;12;\N;\N
6560;2019-09-26 19:56:35;2019-09-26 19:56:35;Ram Nagar;Gurgaon;2;\N;19;12;\N;\N
6561;2019-09-26 19:56:35;2019-09-26 19:56:35;Ratan  Vihar;Gurgaon;2;\N;19;12;\N;\N
6562;2019-09-26 19:56:35;2019-09-26 19:56:35;SS Group;Gurgaon;2;\N;19;12;\N;\N
6563;2019-09-26 19:56:35;2019-09-26 19:56:35;SS Plaza;Gurgaon;2;\N;19;12;\N;\N
6564;2019-09-26 19:56:35;2019-09-26 19:56:35;Saraswati Vihars;Gurgaon;2;\N;19;12;\N;\N
6565;2019-09-26 19:56:35;2019-09-26 19:56:35;Sec 104;Gurgaon;2;\N;19;12;\N;\N
6566;2019-09-26 19:56:35;2019-09-26 19:56:35;Sec 29;Gurgaon;2;\N;19;12;\N;\N
6567;2019-09-26 19:56:35;2019-09-26 19:56:35;Sec-15;Gurgaon;2;\N;19;12;\N;\N
6568;2019-09-26 19:56:35;2019-09-26 19:56:35;Sec-21A;Gurgaon;2;\N;19;12;\N;\N
6569;2019-09-26 19:56:35;2019-09-26 19:56:35;Sec-51;Gurgaon;2;\N;19;12;\N;\N
6570;2019-09-26 19:56:35;2019-09-26 19:56:35;Sec-56;Gurgaon;2;\N;19;12;\N;\N
6571;2019-09-26 19:56:35;2019-09-26 19:56:35;Sector 107;Gurgaon;2;\N;19;12;\N;\N
6572;2019-09-26 19:56:35;2019-09-26 19:56:35;Sector 108;Gurgaon;2;\N;19;12;\N;\N
6573;2019-09-26 19:56:35;2019-09-26 19:56:35;Sector 109;Gurgaon;2;\N;19;12;\N;\N
6574;2019-09-26 19:56:35;2019-09-26 19:56:35;Sector 110;Gurgaon;2;\N;19;12;\N;\N
6575;2019-09-26 19:56:35;2019-09-26 19:56:35;Sector 112;Gurgaon;2;\N;19;12;\N;\N
6576;2019-09-26 19:56:35;2019-09-26 19:56:35;Sector 12;Gurgaon;2;\N;19;12;\N;\N
6577;2019-09-26 19:56:35;2019-09-26 19:56:35;Sector 14;Gurgaon;2;\N;19;12;\N;\N
6578;2019-09-26 19:56:35;2019-09-26 19:56:35;Sector 27;Gurgaon;2;\N;19;12;\N;\N
6579;2019-09-26 19:56:35;2019-09-26 19:56:35;Sector 28;Gurgaon;2;\N;19;12;\N;\N
6580;2019-09-26 19:56:35;2019-09-26 19:56:35;Sector 29;Gurgaon;2;\N;19;12;\N;\N
6581;2019-09-26 19:56:35;2019-09-26 19:56:35;Sector 31;Gurgaon;2;\N;19;12;\N;\N
6582;2019-09-26 19:56:35;2019-09-26 19:56:35;Sector 32;Gurgaon;2;\N;19;12;\N;\N
6583;2019-09-26 19:56:35;2019-09-26 19:56:35;Sector 37C;Gurgaon;2;\N;19;12;\N;\N
6584;2019-09-26 19:56:35;2019-09-26 19:56:35;Sector 37D;Gurgaon;2;\N;19;12;\N;\N
6585;2019-09-26 19:56:35;2019-09-26 19:56:35;Sector 38;Gurgaon;2;\N;19;12;\N;\N
6586;2019-09-26 19:56:35;2019-09-26 19:56:35;Sector 39;Gurgaon;2;\N;19;12;\N;\N
6587;2019-09-26 19:56:35;2019-09-26 19:56:35;Sector 40;Gurgaon;2;\N;19;12;\N;\N
6588;2019-09-26 19:56:35;2019-09-26 19:56:35;Sector 41;Gurgaon;2;\N;19;12;\N;\N
6589;2019-09-26 19:56:35;2019-09-26 19:56:35;Sector 42;Gurgaon;2;\N;19;12;\N;\N
6590;2019-09-26 19:56:35;2019-09-26 19:56:35;Sector 43;Gurgaon;2;\N;19;12;\N;\N
6591;2019-09-26 19:56:35;2019-09-26 19:56:35;Sector 44;Gurgaon;2;\N;19;12;\N;\N
6592;2019-09-26 19:56:35;2019-09-26 19:56:35;Sector 45;Gurgaon;2;\N;19;12;\N;\N
6593;2019-09-26 19:56:35;2019-09-26 19:56:35;Sector 46;Gurgaon;2;\N;19;12;\N;\N
6594;2019-09-26 19:56:35;2019-09-26 19:56:35;Sector 47;Gurgaon;2;\N;19;12;\N;\N
6595;2019-09-26 19:56:35;2019-09-26 19:56:35;Sector 48;Gurgaon;2;\N;19;12;\N;\N
6596;2019-09-26 19:56:35;2019-09-26 19:56:35;Sector 49;Gurgaon;2;\N;19;12;\N;\N
6597;2019-09-26 19:56:35;2019-09-26 19:56:35;Sector 50;Gurgaon;2;\N;19;12;\N;\N
6598;2019-09-26 19:56:35;2019-09-26 19:56:35;Sector 51;Gurgaon;2;\N;19;12;\N;\N
6599;2019-09-26 19:56:35;2019-09-26 19:56:35;Sector 52;Gurgaon;2;\N;19;12;\N;\N
6600;2019-09-26 19:56:35;2019-09-26 19:56:35;Sector 53;Gurgaon;2;\N;19;12;\N;\N
6601;2019-09-26 19:56:35;2019-09-26 19:56:35;Sector 54;Gurgaon;2;\N;19;12;\N;\N
6602;2019-09-26 19:56:35;2019-09-26 19:56:35;Sector 55;Gurgaon;2;\N;19;12;\N;\N
6603;2019-09-26 19:56:35;2019-09-26 19:56:35;Sector 56;Gurgaon;2;\N;19;12;\N;\N
6604;2019-09-26 19:56:35;2019-09-26 19:56:35;Sector 57;Gurgaon;2;\N;19;12;\N;\N
6605;2019-09-26 19:56:35;2019-09-26 19:56:35;Sector 59;Gurgaon;2;\N;19;12;\N;\N
6606;2019-09-26 19:56:35;2019-09-26 19:56:35;Sector 63;Gurgaon;2;\N;19;12;\N;\N
6607;2019-09-26 19:56:35;2019-09-26 19:56:35;Sector 66;Gurgaon;2;\N;19;12;\N;\N
6608;2019-09-26 19:56:35;2019-09-26 19:56:35;Sector 69;Gurgaon;2;\N;19;12;\N;\N
6609;2019-09-26 19:56:35;2019-09-26 19:56:35;Sector 7;Gurgaon;2;\N;19;12;\N;\N
6610;2019-09-26 19:56:35;2019-09-26 19:56:35;Sector 70;Gurgaon;2;\N;19;12;\N;\N
6611;2019-09-26 19:56:35;2019-09-26 19:56:35;Sector 76;Gurgaon;2;\N;19;12;\N;\N
6612;2019-09-26 19:56:35;2019-09-26 19:56:35;Sector 78;Gurgaon;2;\N;19;12;\N;\N
6613;2019-09-26 19:56:35;2019-09-26 19:56:35;Sector 81;Gurgaon;2;\N;19;12;\N;\N
6614;2019-09-26 19:56:35;2019-09-26 19:56:35;Sector 82;Gurgaon;2;\N;19;12;\N;\N
6615;2019-09-26 19:56:35;2019-09-26 19:56:35;Sector 83;Gurgaon;2;\N;19;12;\N;\N
6616;2019-09-26 19:56:35;2019-09-26 19:56:35;Sector 84;Gurgaon;2;\N;19;12;\N;\N
6617;2019-09-26 19:56:35;2019-09-26 19:56:35;Sector 85;Gurgaon;2;\N;19;12;\N;\N
6618;2019-09-26 19:56:35;2019-09-26 19:56:35;Sector 86;Gurgaon;2;\N;19;12;\N;\N
6619;2019-09-26 19:56:35;2019-09-26 19:56:35;Sector 89;Gurgaon;2;\N;19;12;\N;\N
6620;2019-09-26 19:56:35;2019-09-26 19:56:35;Sector 90;Gurgaon;2;\N;19;12;\N;\N
6621;2019-09-26 19:56:35;2019-09-26 19:56:35;Sector 91;Gurgaon;2;\N;19;12;\N;\N
6622;2019-09-26 19:56:35;2019-09-26 19:56:35;Sector 92;Gurgaon;2;\N;19;12;\N;\N
6623;2019-09-26 19:56:35;2019-09-26 19:56:35;Sector 93;Gurgaon;2;\N;19;12;\N;\N
6624;2019-09-26 19:56:35;2019-09-26 19:56:35;Sector 95;Gurgaon;2;\N;19;12;\N;\N
6625;2019-09-26 19:56:35;2019-09-26 19:56:35;Sector-103;Gurgaon;2;\N;19;12;\N;\N
6626;2019-09-26 19:56:35;2019-09-26 19:56:35;Sector-10A;Gurgaon;2;\N;19;12;\N;\N
6627;2019-09-26 19:56:35;2019-09-26 19:56:35;Sector-114;Gurgaon;2;\N;19;12;\N;\N
6628;2019-09-26 19:56:35;2019-09-26 19:56:35;Sector-30 Gurgaon;Gurgaon;2;\N;19;12;\N;\N
6629;2019-09-26 19:56:35;2019-09-26 19:56:35;Sector-82A;Gurgaon;2;\N;19;12;\N;\N
6630;2019-09-26 19:56:35;2019-09-26 19:56:35;Sector-88;Gurgaon;2;\N;19;12;\N;\N
6631;2019-09-26 19:56:35;2019-09-26 19:56:35;Seven Lamp Sector 82;Gurgaon;2;\N;19;12;\N;\N
6632;2019-09-26 19:56:35;2019-09-26 19:56:35;Shanti Nagar;Gurgaon;2;\N;19;12;\N;\N
6633;2019-09-26 19:56:35;2019-09-26 19:56:35;Shiva Ji Nagar;Gurgaon;2;\N;19;12;\N;\N
6634;2019-09-26 19:56:35;2019-09-26 19:56:35;Sohna Road;Gurgaon;2;\N;19;12;\N;\N
6635;2019-09-26 19:56:35;2019-09-26 19:56:35;Subhash Nagar Gurgaon;Gurgaon;2;\N;19;12;\N;\N
6636;2019-09-26 19:56:35;2019-09-26 19:56:35;Surat Nagar;Gurgaon;2;\N;19;12;\N;\N
6637;2019-09-26 19:56:35;2019-09-26 19:56:35;Sushant Lok I;Gurgaon;2;\N;19;12;\N;\N
6638;2019-09-26 19:56:35;2019-09-26 19:56:35;Udhyog Vihar;Gurgaon;2;\N;19;12;\N;\N
6639;2019-09-26 19:56:35;2019-09-26 19:56:35;Ulawash;Gurgaon;2;\N;19;12;\N;\N
6640;2019-09-26 19:56:35;2019-09-26 19:56:35;Vishnu Garden Gurgaon;Gurgaon;2;\N;19;12;\N;\N
6641;2019-09-26 19:56:35;2019-09-26 19:56:35;Wembley;Gurgaon;2;\N;19;12;\N;\N
6642;2019-09-26 19:56:35;2019-09-26 19:56:35;test;Gurgaon;2;\N;19;12;\N;\N
6643;2019-09-26 19:56:55;2019-09-26 19:56:55;Amarpali;Noida;2;\N;20;12;\N;\N
6644;2019-09-26 19:56:55;2019-09-26 19:56:55;Aspire;Noida;2;\N;20;12;\N;\N
6645;2019-09-26 19:56:55;2019-09-26 19:56:55;Bhatta Colony;Noida;2;\N;20;12;\N;\N
6646;2019-09-26 19:56:55;2019-09-26 19:56:55;CBS International;Noida;2;\N;20;12;\N;\N
6647;2019-09-26 19:56:55;2019-09-26 19:56:55;Chogan Pur;Noida;2;\N;20;12;\N;\N
6648;2019-09-26 19:56:55;2019-09-26 19:56:55;Cross Road;Noida;2;\N;20;12;\N;\N
6649;2019-09-26 19:56:55;2019-09-26 19:56:55;Gaur City I;Noida;2;\N;20;12;\N;\N
6650;2019-09-26 19:56:55;2019-09-26 19:56:55;Greater Noida;Noida;2;\N;20;12;\N;\N
6651;2019-09-26 19:56:55;2019-09-26 19:56:55;La Residentia;Noida;2;\N;20;12;\N;\N
6652;2019-09-26 19:56:55;2019-09-26 19:56:55;Logix Zest;Noida;2;\N;20;12;\N;\N
6653;2019-09-26 19:56:55;2019-09-26 19:56:55;Mangalya;Noida;2;\N;20;12;\N;\N
6654;2019-09-26 19:56:55;2019-09-26 19:56:55;NRI Residency;Noida;2;\N;20;12;\N;\N
6655;2019-09-26 19:56:55;2019-09-26 19:56:55;Noida Extension;Noida;2;\N;20;12;\N;\N
6656;2019-09-26 19:56:55;2019-09-26 19:56:55;Noida Sector -78;Noida;2;\N;20;12;\N;\N
6657;2019-09-26 19:56:55;2019-09-26 19:56:55;Noida Sector 100;Noida;2;\N;20;12;\N;\N
6658;2019-09-26 19:56:55;2019-09-26 19:56:55;Noida Sector 110;Noida;2;\N;20;12;\N;\N
6659;2019-09-26 19:56:55;2019-09-26 19:56:55;Noida Sector 125;Noida;2;\N;20;12;\N;\N
6660;2019-09-26 19:56:55;2019-09-26 19:56:55;Noida Sector 126;Noida;2;\N;20;12;\N;\N
6661;2019-09-26 19:56:55;2019-09-26 19:56:55;Noida Sector 130;Noida;2;\N;20;12;\N;\N
6662;2019-09-26 19:56:55;2019-09-26 19:56:55;Noida Sector 134;Noida;2;\N;20;12;\N;\N
6663;2019-09-26 19:56:55;2019-09-26 19:56:55;Noida Sector 135;Noida;2;\N;20;12;\N;\N
6664;2019-09-26 19:56:55;2019-09-26 19:56:55;Noida Sector 143;Noida;2;\N;20;12;\N;\N
6665;2019-09-26 19:56:55;2019-09-26 19:56:55;Noida Sector 168;Noida;2;\N;20;12;\N;\N
6666;2019-09-26 19:56:55;2019-09-26 19:56:55;Noida Sector 16C ;Noida;2;\N;20;12;\N;\N
6667;2019-09-26 19:56:55;2019-09-26 19:56:55;Noida Sector 28;Noida;2;\N;20;12;\N;\N
6668;2019-09-26 19:56:55;2019-09-26 19:56:55;Noida Sector 29;Noida;2;\N;20;12;\N;\N
6669;2019-09-26 19:56:55;2019-09-26 19:56:55;Noida Sector 31;Noida;2;\N;20;12;\N;\N
6670;2019-09-26 19:56:55;2019-09-26 19:56:55;Noida Sector 36;Noida;2;\N;20;12;\N;\N
6671;2019-09-26 19:56:55;2019-09-26 19:56:55;Noida Sector 41;Noida;2;\N;20;12;\N;\N
6672;2019-09-26 19:56:55;2019-09-26 19:56:55;Noida Sector 44;Noida;2;\N;20;12;\N;\N
6673;2019-09-26 19:56:55;2019-09-26 19:56:55;Noida Sector 45;Noida;2;\N;20;12;\N;\N
6674;2019-09-26 19:56:55;2019-09-26 19:56:55;Noida Sector 49;Noida;2;\N;20;12;\N;\N
6675;2019-09-26 19:56:55;2019-09-26 19:56:55;Noida Sector 76;Noida;2;\N;20;12;\N;\N
6676;2019-09-26 19:56:55;2019-09-26 19:56:55;Noida Sector 99;Noida;2;\N;20;12;\N;\N
6677;2019-09-26 19:56:55;2019-09-26 19:56:55;Noida Sector-108;Noida;2;\N;20;12;\N;\N
6678;2019-09-26 19:56:55;2019-09-26 19:56:55;Noida Sector-137;Noida;2;\N;20;12;\N;\N
6679;2019-09-26 19:56:55;2019-09-26 19:56:55;Noida Sector-150;Noida;2;\N;20;12;\N;\N
6680;2019-09-26 19:56:55;2019-09-26 19:56:55;Noida Sector-37;Noida;2;\N;20;12;\N;\N
6681;2019-09-26 19:56:55;2019-09-26 19:56:55;Noida Sector-46;Noida;2;\N;20;12;\N;\N
6682;2019-09-26 19:56:55;2019-09-26 19:56:55;Noida Sector-62;Noida;2;\N;20;12;\N;\N
6683;2019-09-26 19:56:55;2019-09-26 19:56:55;Noida Sector-77;Noida;2;\N;20;12;\N;\N
6684;2019-09-26 19:56:55;2019-09-26 19:56:55;Noida Sector-78;Noida;2;\N;20;12;\N;\N
6685;2019-09-26 19:56:55;2019-09-26 19:56:55;Noida Sector-93B;Noida;2;\N;20;12;\N;\N
6686;2019-09-26 19:56:55;2019-09-26 19:56:55;Noida-104;Noida;2;\N;20;12;\N;\N
6687;2019-09-26 19:56:55;2019-09-26 19:56:55;Palm Olympia;Noida;2;\N;20;12;\N;\N
6688;2019-09-26 19:56:55;2019-09-26 19:56:55;Sec-104;Noida;2;\N;20;12;\N;\N
6689;2019-09-26 19:56:55;2019-09-26 19:56:55;Sec-128;Noida;2;\N;20;12;\N;\N
6690;2019-09-26 19:56:55;2019-09-26 19:56:55;Sec-132;Noida;2;\N;20;12;\N;\N
6691;2019-09-26 19:56:55;2019-09-26 19:56:55;Sec-82;Noida;2;\N;20;12;\N;\N
6692;2019-09-26 19:56:55;2019-09-26 19:56:55;Sector 103;Noida;2;\N;20;12;\N;\N
6693;2019-09-26 19:56:55;2019-09-26 19:56:55;Sector 104;Noida;2;\N;20;12;\N;\N
6694;2019-09-26 19:56:55;2019-09-26 19:56:55;Stellar Business Park;Noida;2;\N;20;12;\N;\N
6695;2019-09-26 19:56:55;2019-09-26 19:56:55;Stellar Jeevan 1;Noida;2;\N;20;12;\N;\N
6696;2019-09-26 19:56:55;2019-09-26 19:56:55;Supertech Oxford;Noida;2;\N;20;12;\N;\N
6697;2019-09-26 19:56:55;2019-09-26 19:56:55;Tushyana;Noida;2;\N;20;12;\N;\N
6698;2019-09-26 19:56:55;2019-09-26 19:56:55;Unibera;Noida;2;\N;20;12;\N;\N
6699;2019-09-26 19:57:09;2019-09-26 19:57:09;Indrapuram;Ghaziabad;2;\N;21;12;\N;\N
6700;2019-09-26 19:57:09;2019-09-26 19:57:09;KW Srishti;Ghaziabad;2;\N;21;12;\N;\N
6701;2019-09-26 19:57:09;2019-09-26 19:57:09;Loni Road;Ghaziabad;2;\N;21;12;\N;\N
6702;2019-09-26 19:57:09;2019-09-26 19:57:09;Raj Nagar Extension;Ghaziabad;2;\N;21;12;\N;\N
6703;2019-09-26 19:57:24;2019-09-26 19:57:24; Jia Sarai;Delhi;2;\N;22;12;\N;\N
6704;2019-09-26 19:57:24;2019-09-26 19:57:24;Aaya Nagar;Delhi;2;\N;22;12;\N;\N
6705;2019-09-26 19:57:24;2019-09-26 19:57:24;Anand Parbat;Delhi;2;\N;22;12;\N;\N
6706;2019-09-26 19:57:24;2019-09-26 19:57:24;Badarpur;Delhi;2;\N;22;12;\N;\N
6707;2019-09-26 19:57:24;2019-09-26 19:57:24;Baljeet Nagar;Delhi;2;\N;22;12;\N;\N
6708;2019-09-26 19:57:24;2019-09-26 19:57:24;Batla House;Delhi;2;\N;22;12;\N;\N
6709;2019-09-26 19:57:24;2019-09-26 19:57:24;Begumpur;Delhi;2;\N;22;12;\N;\N
6710;2019-09-26 19:57:24;2019-09-26 19:57:24;Ber Sarai;Delhi;2;\N;22;12;\N;\N
6711;2019-09-26 19:57:24;2019-09-26 19:57:24;Dakshin Puri Extension;Delhi;2;\N;22;12;\N;\N
6712;2019-09-26 19:57:24;2019-09-26 19:57:24;Dakshinpuri;Delhi;2;\N;22;12;\N;\N
6713;2019-09-26 19:57:24;2019-09-26 19:57:24;Deoli village;Delhi;2;\N;22;12;\N;\N
6714;2019-09-26 19:57:24;2019-09-26 19:57:24;Dwarka;Delhi;2;\N;22;12;\N;\N
6715;2019-09-26 19:57:24;2019-09-26 19:57:24;Gautam Nagar;Delhi;2;\N;22;12;\N;\N
6716;2019-09-26 19:57:24;2019-09-26 19:57:24;Ghitorni;Delhi;2;\N;22;12;\N;\N
6717;2019-09-26 19:57:24;2019-09-26 19:57:24;Godrej;Delhi;2;\N;22;12;\N;\N
6718;2019-09-26 19:57:24;2019-09-26 19:57:24;Gol Dak Khana;Delhi;2;\N;22;12;\N;\N
6719;2019-09-26 19:57:24;2019-09-26 19:57:24;Govindpuri;Delhi;2;\N;22;12;\N;\N
6720;2019-09-26 19:57:24;2019-09-26 19:57:24;Hari Nagar;Delhi;2;\N;22;12;\N;\N
6721;2019-09-26 19:57:24;2019-09-26 19:57:24;Humayupur;Delhi;2;\N;22;12;\N;\N
6722;2019-09-26 19:57:24;2019-09-26 19:57:24;Jamia Nagar;Delhi;2;\N;22;12;\N;\N
6723;2019-09-26 19:57:24;2019-09-26 19:57:24;Janakpuri;Delhi;2;\N;22;12;\N;\N
6724;2019-09-26 19:57:24;2019-09-26 19:57:24;Jasola;Delhi;2;\N;22;12;\N;\N
6725;2019-09-26 19:57:24;2019-09-26 19:57:24;KAPASHERA;Delhi;2;\N;22;12;\N;\N
6726;2019-09-26 19:57:24;2019-09-26 19:57:24;Kakrola;Delhi;2;\N;22;12;\N;\N
6727;2019-09-26 19:57:24;2019-09-26 19:57:24;Karol Bagh;Delhi;2;\N;22;12;\N;\N
6728;2019-09-26 19:57:24;2019-09-26 19:57:24;Katwariya Sarai ;Delhi;2;\N;22;12;\N;\N
6729;2019-09-26 19:57:24;2019-09-26 19:57:24;Khanpur;Delhi;2;\N;22;12;\N;\N
6730;2019-09-26 19:57:24;2019-09-26 19:57:24;Krishna Nagar;Delhi;2;\N;22;12;\N;\N
6731;2019-09-26 19:57:24;2019-09-26 19:57:24;Lado Sarai;Delhi;2;\N;22;12;\N;\N
6732;2019-09-26 19:57:24;2019-09-26 19:57:24;Lajpat Nagar;Delhi;2;\N;22;12;\N;\N
6733;2019-09-26 19:57:24;2019-09-26 19:57:24;Laxmi Nagar;Delhi;2;\N;22;12;\N;\N
6734;2019-09-26 19:57:24;2019-09-26 19:57:24;M2K;Delhi;2;\N;22;12;\N;\N
6735;2019-09-26 19:57:24;2019-09-26 19:57:24;MMSTAR;Delhi;2;\N;22;12;\N;\N
6736;2019-09-26 19:57:24;2019-09-26 19:57:24;Madangiri ;Delhi;2;\N;22;12;\N;\N
6737;2019-09-26 19:57:24;2019-09-26 19:57:24;Madinpur;Delhi;2;\N;22;12;\N;\N
6738;2019-09-26 19:57:24;2019-09-26 19:57:24;Maidan Garhi;Delhi;2;\N;22;12;\N;\N
6739;2019-09-26 19:57:24;2019-09-26 19:57:24;Malviya nagar;Delhi;2;\N;22;12;\N;\N
6740;2019-09-26 19:57:24;2019-09-26 19:57:24;Mandawali;Delhi;2;\N;22;12;\N;\N
6741;2019-09-26 19:57:24;2019-09-26 19:57:24;Mayur Vihar;Delhi;2;\N;22;12;\N;\N
6742;2019-09-26 19:57:24;2019-09-26 19:57:24;Mehrauli;Delhi;2;\N;22;12;\N;\N
6743;2019-09-26 19:57:24;2019-09-26 19:57:24;Mohan Garden;Delhi;2;\N;22;12;\N;\N
6744;2019-09-26 19:57:24;2019-09-26 19:57:24;Moti Nagar;Delhi;2;\N;22;12;\N;\N
6745;2019-09-26 19:57:24;2019-09-26 19:57:24;Munirka;Delhi;2;\N;22;12;\N;\N
6746;2019-09-26 19:57:24;2019-09-26 19:57:24;Munrika;Delhi;2;\N;22;12;\N;\N
6747;2019-09-26 19:57:24;2019-09-26 19:57:24;NARAINA;Delhi;2;\N;22;12;\N;\N
6748;2019-09-26 19:57:24;2019-09-26 19:57:24;Najafgarh;Delhi;2;\N;22;12;\N;\N
6749;2019-09-26 19:57:24;2019-09-26 19:57:24;Nehru Nagar;Delhi;2;\N;22;12;\N;\N
6750;2019-09-26 19:57:24;2019-09-26 19:57:24;New Rotak Road;Delhi;2;\N;22;12;\N;\N
6751;2019-09-26 19:57:24;2019-09-26 19:57:24;Okhla;Delhi;2;\N;22;12;\N;\N
6752;2019-09-26 19:57:24;2019-09-26 19:57:24;Palam;Delhi;2;\N;22;12;\N;\N
6753;2019-09-26 19:57:24;2019-09-26 19:57:24;Pandav Nagar;Delhi;2;\N;22;12;\N;\N
6754;2019-09-26 19:57:24;2019-09-26 19:57:24;Patparganj;Delhi;2;\N;22;12;\N;\N
6755;2019-09-26 19:57:24;2019-09-26 19:57:24;Pitampura;Delhi;2;\N;22;12;\N;\N
6756;2019-09-26 19:57:24;2019-09-26 19:57:24;Raghubir Nagar;Delhi;2;\N;22;12;\N;\N
6757;2019-09-26 19:57:24;2019-09-26 19:57:24;Rama Krishna Puram;Delhi;2;\N;22;12;\N;\N
6758;2019-09-26 19:57:24;2019-09-26 19:57:24;Ranjeet Vihar;Delhi;2;\N;22;12;\N;\N
6759;2019-09-26 19:57:24;2019-09-26 19:57:24;Rohini;Delhi;2;\N;22;12;\N;\N
6760;2019-09-26 19:57:24;2019-09-26 19:57:24;Sadar Bazar;Delhi;2;\N;22;12;\N;\N
6761;2019-09-26 19:57:24;2019-09-26 19:57:24;Sadiq nagar;Delhi;2;\N;22;12;\N;\N
6762;2019-09-26 19:57:24;2019-09-26 19:57:24;Sagarpur;Delhi;2;\N;22;12;\N;\N
6763;2019-09-26 19:57:24;2019-09-26 19:57:24;Sangam Vihar;Delhi;2;\N;22;12;\N;\N
6764;2019-09-26 19:57:24;2019-09-26 19:57:24;Sanwal Nagar;Delhi;2;\N;22;12;\N;\N
6765;2019-09-26 19:57:24;2019-09-26 19:57:24;Savitri Nagar;Delhi;2;\N;22;12;\N;\N
6766;2019-09-26 19:57:24;2019-09-26 19:57:24;Seelampur;Delhi;2;\N;22;12;\N;\N
6767;2019-09-26 19:57:24;2019-09-26 19:57:24;Shadipur;Delhi;2;\N;22;12;\N;\N
6768;2019-09-26 19:57:24;2019-09-26 19:57:24;Shahpur Jat;Delhi;2;\N;22;12;\N;\N
6769;2019-09-26 19:57:24;2019-09-26 19:57:24;Subhas Nagar;Delhi;2;\N;22;12;\N;\N
6770;2019-09-26 19:57:24;2019-09-26 19:57:24;Sultanpur;Delhi;2;\N;22;12;\N;\N
6771;2019-09-26 19:57:24;2019-09-26 19:57:24;Tilak Nagar;Delhi;2;\N;22;12;\N;\N
6772;2019-09-26 19:57:24;2019-09-26 19:57:24;Tugalkabad;Delhi;2;\N;22;12;\N;\N
6773;2019-09-26 19:57:24;2019-09-26 19:57:24;Uttam Nagar;Delhi;2;\N;22;12;\N;\N
6774;2019-09-26 19:57:24;2019-09-26 19:57:24;Vishnu Garden;Delhi;2;\N;22;12;\N;\N
6775;2019-09-26 19:57:24;2019-09-26 19:57:24;West Patel Nagar;Delhi;2;\N;22;12;\N;\N
7109;2019-10-07 18:06:37;2019-10-07 18:06:37;DLF Phase I;Gurgaon;10;\N;23;8;\N;\N
7110;2019-10-07 18:06:37;2019-10-07 18:06:37;Sector 40;Gurgaon;10;\N;23;8;\N;\N
7111;2019-10-07 18:06:37;2019-10-07 18:06:37;Faridabad Road;Gurgaon;10;\N;23;8;\N;\N
7112;2019-10-07 18:06:37;2019-10-07 18:06:37;Sector 41;Gurgaon;10;\N;23;8;\N;\N
7113;2019-10-07 18:06:37;2019-10-07 18:06:37;Sec 104;Gurgaon;10;\N;23;8;\N;\N
7114;2019-10-07 18:06:37;2019-10-07 18:06:37;Sector 44;Gurgaon;10;\N;23;8;\N;\N
7115;2019-10-07 18:06:37;2019-10-07 18:06:37;Parsvnath Exotica;Gurgaon;10;\N;23;8;\N;\N
7116;2019-10-07 18:06:37;2019-10-07 18:06:37;Sector 45;Gurgaon;10;\N;23;8;\N;\N
7117;2019-10-07 18:06:37;2019-10-07 18:06:37;Sector 42;Gurgaon;10;\N;23;8;\N;\N
7118;2019-10-07 18:06:37;2019-10-07 18:06:37;Sector 43;Gurgaon;10;\N;23;8;\N;\N
7119;2019-10-07 18:06:37;2019-10-07 18:06:37;Sector 48;Gurgaon;10;\N;23;8;\N;\N
7120;2019-10-07 18:06:37;2019-10-07 18:06:37;Subhash Nagar;Gurgaon;10;\N;23;8;\N;\N
7121;2019-10-07 18:06:37;2019-10-07 18:06:37;Sector 49;Gurgaon;10;\N;23;8;\N;\N
7122;2019-10-07 18:06:37;2019-10-07 18:06:37;Sector 46;Gurgaon;10;\N;23;8;\N;\N
7123;2019-10-07 18:06:37;2019-10-07 18:06:37;DLF Phase V;Gurgaon;10;\N;23;8;\N;\N
7124;2019-10-07 18:06:37;2019-10-07 18:06:37;Sector 47;Gurgaon;10;\N;23;8;\N;\N
7125;2019-10-07 18:06:37;2019-10-07 18:06:37;Arjun Nagar;Gurgaon;10;\N;23;8;\N;\N
7126;2019-10-07 18:06:37;2019-10-07 18:06:37;Kamilia Palace;Gurgaon;10;\N;23;8;\N;\N
7127;2019-10-07 18:06:37;2019-10-07 18:06:37;Sector 39;Gurgaon;10;\N;23;8;\N;\N
7128;2019-10-07 18:06:37;2019-10-07 18:06:37;Om Nagar;Gurgaon;10;\N;23;8;\N;\N
7129;2019-10-07 18:06:37;2019-10-07 18:06:37;Jacobpura;Gurgaon;10;\N;23;8;\N;\N
7130;2019-10-07 18:06:37;2019-10-07 18:06:37;Vishnu Garden Gurgaon;Gurgaon;10;\N;23;8;\N;\N
7131;2019-10-07 18:06:37;2019-10-07 18:06:37;Rajendra Park;Gurgaon;10;\N;23;8;\N;\N
7132;2019-10-07 18:06:37;2019-10-07 18:06:37;Sec-15;Gurgaon;10;\N;23;8;\N;\N
7133;2019-10-07 18:06:37;2019-10-07 18:06:37;Sector 51;Gurgaon;10;\N;23;8;\N;\N
7134;2019-10-07 18:06:37;2019-10-07 18:06:37;Sector 52;Gurgaon;10;\N;23;8;\N;\N
7135;2019-10-07 18:06:37;2019-10-07 18:06:37;Sector 50;Gurgaon;10;\N;23;8;\N;\N
7136;2019-10-07 18:06:37;2019-10-07 18:06:37;Sector 55;Gurgaon;10;\N;23;8;\N;\N
7137;2019-10-07 18:06:37;2019-10-07 18:06:37;Sector 56;Gurgaon;10;\N;23;8;\N;\N
7138;2019-10-07 18:06:37;2019-10-07 18:06:37;Madan Puri;Gurgaon;10;\N;23;8;\N;\N
7139;2019-10-07 18:06:37;2019-10-07 18:06:37;Sector 53;Gurgaon;10;\N;23;8;\N;\N
7140;2019-10-07 18:06:37;2019-10-07 18:06:37;Kadarpur;Gurgaon;10;\N;23;8;\N;\N
7141;2019-10-07 18:06:37;2019-10-07 18:06:37;Sector 54;Gurgaon;10;\N;23;8;\N;\N
7142;2019-10-07 18:06:37;2019-10-07 18:06:37;Old Gurgaon;Gurgaon;10;\N;23;8;\N;\N
7143;2019-10-07 18:06:37;2019-10-07 18:06:37;Sector 59;Gurgaon;10;\N;23;8;\N;\N
7144;2019-10-07 18:06:37;2019-10-07 18:06:37;Sector 57;Gurgaon;10;\N;23;8;\N;\N
7145;2019-10-07 18:06:37;2019-10-07 18:06:37;Sector 37D;Gurgaon;10;\N;23;8;\N;\N
7146;2019-10-07 18:06:37;2019-10-07 18:06:37;Sector 37C;Gurgaon;10;\N;23;8;\N;\N
7147;2019-10-07 18:06:37;2019-10-07 18:06:37;DLF Phase III;Gurgaon;10;\N;23;8;\N;\N
7148;2019-10-07 18:06:37;2019-10-07 18:06:37;SS Plaza;Gurgaon;10;\N;23;8;\N;\N
7149;2019-10-07 18:06:37;2019-10-07 18:06:37;Baldev Nagar;Gurgaon;10;\N;23;8;\N;\N
7150;2019-10-07 18:06:37;2019-10-07 18:06:37;Aggarwal Heights;Gurgaon;10;\N;23;8;\N;\N
7151;2019-10-07 18:06:37;2019-10-07 18:06:37;Casa Bella;Gurgaon;10;\N;23;8;\N;\N
7152;2019-10-07 18:06:37;2019-10-07 18:06:37;Sector-82A;Gurgaon;10;\N;23;8;\N;\N
7153;2019-10-07 18:06:37;2019-10-07 18:06:37;Sector 7;Gurgaon;10;\N;23;8;\N;\N
7154;2019-10-07 18:06:37;2019-10-07 18:06:37;ASF INSIGNIA;Gurgaon;10;\N;23;8;\N;\N
7155;2019-10-07 18:06:37;2019-10-07 18:06:37;Vijaya Park;Gurgaon;10;\N;23;8;\N;\N
7156;2019-10-07 18:06:37;2019-10-07 18:06:37;Madanpuri;Gurgaon;10;\N;23;8;\N;\N
7157;2019-10-07 18:06:37;2019-10-07 18:06:37;Sector 27;Gurgaon;10;\N;23;8;\N;\N
7158;2019-10-07 18:06:37;2019-10-07 18:06:37;Farooq Nagar;Gurgaon;10;\N;23;8;\N;\N
7159;2019-10-07 18:06:37;2019-10-07 18:06:37;Rudra Place;Gurgaon;10;\N;23;8;\N;\N
7160;2019-10-07 18:06:37;2019-10-07 18:06:37;MG Road;Gurgaon;10;\N;23;8;\N;\N
7161;2019-10-07 18:06:37;2019-10-07 18:06:37;Shanti Nagar;Gurgaon;10;\N;23;8;\N;\N
7162;2019-10-07 18:06:37;2019-10-07 18:06:37;Sushant Lok I;Gurgaon;10;\N;23;8;\N;\N
7163;2019-10-07 18:06:37;2019-10-07 18:06:37;Devi Lal Nagar;Gurgaon;10;\N;23;8;\N;\N
7164;2019-10-07 18:06:37;2019-10-07 18:06:37;Ratan  Vihar;Gurgaon;10;\N;23;8;\N;\N
7165;2019-10-07 18:06:37;2019-10-07 18:06:37;Ulawash;Gurgaon;10;\N;23;8;\N;\N
7166;2019-10-07 18:06:37;2019-10-07 18:06:37;Amit_Yadav_Daruheda;Gurgaon;10;\N;23;8;\N;\N
7167;2019-10-07 18:06:37;2019-10-07 18:06:37;Gawalphari;Gurgaon;10;\N;23;8;\N;\N
7168;2019-10-07 18:06:37;2019-10-07 18:06:37;Sector 31;Gurgaon;10;\N;23;8;\N;\N
7169;2019-10-07 18:06:37;2019-10-07 18:06:37;Jyoti Park;Gurgaon;10;\N;23;8;\N;\N
7170;2019-10-07 18:06:37;2019-10-07 18:06:37;Sector 32;Gurgaon;10;\N;23;8;\N;\N
7171;2019-10-07 18:06:37;2019-10-07 18:06:37;Madawas;Gurgaon;10;\N;23;8;\N;\N
7172;2019-10-07 18:06:37;2019-10-07 18:06:37;Sector 38;Gurgaon;10;\N;23;8;\N;\N
7173;2019-10-07 18:06:37;2019-10-07 18:06:37;Laxman Vihar Gurgaon;Gurgaon;10;\N;23;8;\N;\N
7174;2019-10-07 18:06:37;2019-10-07 18:06:37;Ashok Garden;Gurgaon;10;\N;23;8;\N;\N
7175;2019-10-07 18:06:37;2019-10-07 18:06:37;Sector 28;Gurgaon;10;\N;23;8;\N;\N
7176;2019-10-07 18:06:37;2019-10-07 18:06:37;Sector 29;Gurgaon;10;\N;23;8;\N;\N
7177;2019-10-07 18:06:37;2019-10-07 18:06:37;Mahalaxmi Garden;Gurgaon;10;\N;23;8;\N;\N
7178;2019-10-07 18:06:37;2019-10-07 18:06:37;Sector 110;Gurgaon;10;\N;23;8;\N;\N
7179;2019-10-07 18:06:37;2019-10-07 18:06:37;Shiva Ji Nagar;Gurgaon;10;\N;23;8;\N;\N
7180;2019-10-07 18:06:37;2019-10-07 18:06:37;DLF Phase II;Gurgaon;10;\N;23;8;\N;\N
7181;2019-10-07 18:06:37;2019-10-07 18:06:37;Sector 81;Gurgaon;10;\N;23;8;\N;\N
7182;2019-10-07 18:06:37;2019-10-07 18:06:37;Seven Lamp Sector 82;Gurgaon;10;\N;23;8;\N;\N
7183;2019-10-07 18:06:37;2019-10-07 18:06:37;Sector 84;Gurgaon;10;\N;23;8;\N;\N
7184;2019-10-07 18:06:37;2019-10-07 18:06:37;Sector 85;Gurgaon;10;\N;23;8;\N;\N
7185;2019-10-07 18:06:37;2019-10-07 18:06:37;Arjun Marg;Gurgaon;10;\N;23;8;\N;\N
7186;2019-10-07 18:06:37;2019-10-07 18:06:37;Sector 82;Gurgaon;10;\N;23;8;\N;\N
7187;2019-10-07 18:06:37;2019-10-07 18:06:37;Subhash Nagar Gurgaon;Gurgaon;10;\N;23;8;\N;\N
7188;2019-10-07 18:06:37;2019-10-07 18:06:37;Sector 83;Gurgaon;10;\N;23;8;\N;\N
7189;2019-10-07 18:06:37;2019-10-07 18:06:37;Sector 89;Gurgaon;10;\N;23;8;\N;\N
7190;2019-10-07 18:06:37;2019-10-07 18:06:37;Sector 86;Gurgaon;10;\N;23;8;\N;\N
7191;2019-10-07 18:06:37;2019-10-07 18:06:37;Bhim Garh Kheri;Gurgaon;10;\N;23;8;\N;\N
7192;2019-10-07 18:06:37;2019-10-07 18:06:37;Jacubpura;Gurgaon;10;\N;23;8;\N;\N
7193;2019-10-07 18:06:37;2019-10-07 18:06:37;Sector 112;Gurgaon;10;\N;23;8;\N;\N
7194;2019-10-07 18:06:37;2019-10-07 18:06:37;Prem Nagar;Gurgaon;10;\N;23;8;\N;\N
7195;2019-10-07 18:06:37;2019-10-07 18:06:37;DLF Phase IV;Gurgaon;10;\N;23;8;\N;\N
7196;2019-10-07 18:06:37;2019-10-07 18:06:37;Sector 109;Gurgaon;10;\N;23;8;\N;\N
7197;2019-10-07 18:06:37;2019-10-07 18:06:37;Pratap Nagar;Gurgaon;10;\N;23;8;\N;\N
7198;2019-10-07 18:06:37;2019-10-07 18:06:37;KEDAR;Gurgaon;10;\N;23;8;\N;\N
7199;2019-10-07 18:06:37;2019-10-07 18:06:37;Sector 91;Gurgaon;10;\N;23;8;\N;\N
7200;2019-10-07 18:06:37;2019-10-07 18:06:37;Sector 92;Gurgaon;10;\N;23;8;\N;\N
7201;2019-10-07 18:06:37;2019-10-07 18:06:37;Sector 90;Gurgaon;10;\N;23;8;\N;\N
7202;2019-10-07 18:06:37;2019-10-07 18:06:37;Sector 95;Gurgaon;10;\N;23;8;\N;\N
7203;2019-10-07 18:06:37;2019-10-07 18:06:37;test;Gurgaon;10;\N;23;8;\N;\N
7204;2019-10-07 18:06:37;2019-10-07 18:06:37;Gurgaon;Gurgaon;10;\N;23;8;\N;\N
7205;2019-10-07 18:06:37;2019-10-07 18:06:37;MG Road Sikanderpur;Gurgaon;10;\N;23;8;\N;\N
7206;2019-10-07 18:06:37;2019-10-07 18:06:37;Sector 93;Gurgaon;10;\N;23;8;\N;\N
7207;2019-10-07 18:06:37;2019-10-07 18:06:37;Sector 107;Gurgaon;10;\N;23;8;\N;\N
7208;2019-10-07 18:06:37;2019-10-07 18:06:37;Sector 108;Gurgaon;10;\N;23;8;\N;\N
7209;2019-10-07 18:06:37;2019-10-07 18:06:37;Sector 12;Gurgaon;10;\N;23;8;\N;\N
7210;2019-10-07 18:06:37;2019-10-07 18:06:37;New Awadhi ;Gurgaon;10;\N;23;8;\N;\N
7211;2019-10-07 18:06:37;2019-10-07 18:06:37;Sector 14;Gurgaon;10;\N;23;8;\N;\N
7212;2019-10-07 18:06:37;2019-10-07 18:06:37;Sector-114;Gurgaon;10;\N;23;8;\N;\N
7213;2019-10-07 18:06:37;2019-10-07 18:06:37;Badsahpur;Gurgaon;10;\N;23;8;\N;\N
7214;2019-10-07 18:06:37;2019-10-07 18:06:37;Mianwali Colony;Gurgaon;10;\N;23;8;\N;\N
7215;2019-10-07 18:06:37;2019-10-07 18:06:37;Patel Nagar;Gurgaon;10;\N;23;8;\N;\N
7216;2019-10-07 18:06:37;2019-10-07 18:06:37;Ashok Vihar;Gurgaon;10;\N;23;8;\N;\N
7217;2019-10-07 18:06:37;2019-10-07 18:06:37;Nai Basti;Gurgaon;10;\N;23;8;\N;\N
7218;2019-10-07 18:06:37;2019-10-07 18:06:37;District Court;Gurgaon;10;\N;23;8;\N;\N
7219;2019-10-07 18:06:37;2019-10-07 18:06:37;Exclusive floor;Gurgaon;10;\N;23;8;\N;\N
7220;2019-10-07 18:06:37;2019-10-07 18:06:37;Kapshera;Gurgaon;10;\N;23;8;\N;\N
